fix_type	systematic_id	allele_name	reference	allele_type	allele_description	change_type_to	change_description_to	change_name_to	comment
manual_fix	SPAC1006.08	41X-GFP-etd1-D9	PMID:29813053	partial_amino_acid_deletion	Overexpression of etd1-D9				
manual_fix	SPAC1006.09	win1KM	PMID:23389634	amino_acid_mutation	L1149M		K1149M		
manual_fix	SPAC1093.06c	dhc1-P1	PMID:25736293	amino_acid_mutation	L1896T		K1896T		
manual_fix	SPAC10F6.09c	psm3-3B	PMID:26687354	amino_acid_mutation	E1128Q		E1126Q		
manual_fix	SPAC110.03	cdc42-D118A,C198S	PMID:10504305	amino_acid_mutation	D118A,C198S		D118A,C198S		typo in paper
manual_fix	SPAC110.03	cdc42-G12V,C198S	PMID:10504305	amino_acid_mutation	G12V,C198S		G12V,C198S		typo in paper
manual_fix	SPAC12G12.13c	cid14-DADA	PMID:16478992	amino_acid_mutation	D298A,D230A		D298A,D300A		
manual_fix	SPAC12G12.14c	pfs2-209	PMID:15466421	nucleotide_mutation	G398A				
manual_fix	SPAC13C5.02	dre4-54	PMID:15466421	nucleotide_mutation	G350A				
manual_fix	SPAC13C5.03	tht1-N163D	PMID:9442101	amino_acid_mutation	N163D		N129D		
manual_fix	SPAC13C5.03	tht1-N372D	PMID:9442101	amino_acid_mutation	N372D		N338D		
manual_fix	SPAC13C5.07	mre11-CV497RR	PMID:21441914	amino_acid_mutation	CV497RR		CV-479-RR		typo in pombase
manual_fix	SPAC13C5.07	mre11-P39S	PMID:9826747	amino_acid_mutation	P39S		P93S		typo in pombase
manual_fix	SPAC13C5.07	mre11-T517I	PMID:9826747	nucleotide_mutation	C1550T	amino_acid_mutation	T517I		
manual_fix	SPAC13C5.07	rad32-1	PMID:7885834,PMID:9826747	nucleotide_mutation	G403A	amino_acid_mutation	D135N		
manual_fix	SPAC140.02	gar2::ura4+	PMID:7596817,PMID:9211982	disruption	Gar2 aa 1-163,Ura4 aa 1-39				
manual_fix	SPAC1486.05	nup189(unspliced)	PMID:26137436	nucleotide_mutation	G2970A,T2973C,A3033T		G2969A,T2972C,A3032T		
manual_fix	SPAC14C4.01c	atg43-deltaAIM	PMID:33138913	amino_acid_mutation	A28A,A29A		Y28A|I31A		
manual_fix	SPAC14C4.01c	atg43-deltaC60-GFP	PMID:33138913	partial_amino_acid_deletion	1-184delta,Mt tethered		184-244		
manual_fix	SPAC14C4.13	rad17-d14	PMID:10683155	nucleotide_mutation	C1231T				
manual_fix	SPAC1556.01c	rad50-K1195A	PMID:21441914	amino_acid_mutation	K1195A		R1195A	rad50-R1195A	
manual_fix	SPAC1556.01c	rad50-K1195E	PMID:21441914	amino_acid_mutation	K1195E		R1195E	rad50-R1195E	
manual_fix	SPAC1565.08	cdc48-10 (R764C)	PMID:28821619	nucleotide_mutation	C2346T	amino_acid_mutation	R764C		
manual_fix	SPAC1565.08	cdc48-5 (N558I)	PMID:28821619	nucleotide_mutation	A1729T	amino_acid_mutation	N558I		
manual_fix	SPAC1565.08	cdc48-6 (A586V)	PMID:28821619	nucleotide_mutation	C1813T	amino_acid_mutation	A586V		
manual_fix	SPAC1565.08	cdc48-7 (E731D)	PMID:28821619	nucleotide_mutation	G2249T	amino_acid_mutation	E731D		
manual_fix	SPAC1565.08	cdc48-8 (E325K)	PMID:28821619	nucleotide_mutation	G1029A	amino_acid_mutation	E325K		
manual_fix	SPAC1610.03c	meu5-E33	PMID:33202882	nucleotide_mutation	T386G-primary_transcript				
manual_fix	SPAC17G6.02c	tco1Ldelta	PMID:18276645	nucleotide_mutation	-1790‚àí-1250::ura4+				
manual_fix	SPAC17G6.17	pof8-65A69	PMID:29422501	amino_acid_mutation	P65A,I66A,N67A,P68A,D69A		P65A,L66A,N67A,P68A,D69A		
manual_fix	SPAC17G6.17	pof8-F179E,V198E	PMID:33378677	amino_acid_mutation	F179E,V198E		F197E,V198E	pof8-F197E,V198E	
manual_fix	SPAC17G8.10c	dma1deltaRF	PMID:12479804,PMID:20826461	partial_amino_acid_deletion	191-269		191-268		
manual_fix	SPAC17H9.20	psc3-D1132E	PMID:26583750	amino_acid_mutation	D1132E				
manual_fix	SPAC1834.06c	pmo25-2	PMID:16325501	nucleotide_mutation	T613G				
manual_fix	SPAC1834.06c	pmo25-35	PMID:16096637,PMID:20826805,PMID:23649273	nucleotide_mutation	T236A				
manual_fix	SPAC18G6.02c	chp1-alpha-mut1	PMID:22727667	amino_acid_mutation	KKRKK-71-NEHG				
manual_fix	SPAC19A8.08	upf2-4GH1,2	PMID:11073994	amino_acid_mutation	Y545A,E548A,Y748A,E751A		Y545A,E548A,F748A,E751A		
manual_fix	SPAC19A8.08	upf2-4GH2	PMID:11073994	amino_acid_mutation	Y748A,E751A		F748A,E751A		
manual_fix	SPAC19A8.12	dcp2-D21A	PMID:18280239	amino_acid_mutation	D21A		remove: cerevisiae protein		
manual_fix	SPAC19A8.12	dcp2-N29A	PMID:18280239	amino_acid_mutation	N29A		remove: cerevisiae protein		
manual_fix	SPAC19A8.12	dcp2-V24A,I28A	PMID:18280239	amino_acid_mutation	V24A,I28A		remove: cerevisiae protein		
manual_fix	SPAC19E9.02	fin1-3A	PMID:23333317	amino_acid_mutation	S337A,S526A,S698A		S377A,S526A,S698A		
manual_fix	SPAC19G12.02c	pms1-16	PMID:31712578	disruption	insertion of marker at HindIII site 1517bp downstream of start codon				
manual_fix	SPAC19G12.10c	cpy1(C575T)	PMID:9209031	amino_acid_mutation	C575T		C627T		
manual_fix	SPAC1D4.12	rad15delta::LEU2	PMID:1534406	disruption	rad15delta::LEU2(nt483-1668)				
manual_fix	SPAC1F8.02c	shu1-M1 GATA box mutant	PMID:25733668	nucleotide_mutation	-127AGATA-122,-136AGATAA-131,-136TGATAA-141 ->GCCGTC				
manual_fix	SPAC20G4.02c	fus1::ura4+	PMID:9606213	disruption	ura4+@AA270				
manual_fix	SPAC20G8.05c	cdc15-27A	PMID:31591131	nucleotide_mutation	non-phosphorylatable				
manual_fix	SPAC20G8.05c	cdc15-27D	PMID:31591131	nucleotide_mutation	phospho-mimetic				
manual_fix	SPAC20G8.05c	cdc15-S11A	PMID:25688133	amino_acid_mutation	S11A		S332A,S353A,S357A,S361A,S408A,S443A,S511A,S702A,S732A,S774A,S840A		
manual_fix	SPAC222.12c	atp2-R4-3	PMID:1831760	amino_acid_mutation	Q170Y		Q214Y		confusing text
manual_fix	SPAC227.13c	isu1-D37A	PMID:12102630	amino_acid_mutation	D37A		D71A		https://link.springer.com/article/10.1007/s007750050361
manual_fix	SPAC227.18	lys3-37	PMID:3142867	nucleotide_mutation	G32088A	amino_acid_mutation	E329K		
manual_fix	SPAC22A12.15c	bip1-G373C	PMID:23066505	nucleotide_mutation	G373C				
manual_fix	SPAC22A12.15c	bip1-G373U	PMID:23066505	nucleotide_mutation	G373U				
manual_fix	SPAC22F3.09c	res2-G1	PMID:11864600	amino_acid_mutation	ntG16590A		G78E		
manual_fix	SPAC22F3.09c	res2-J3	PMID:11864600	amino_acid_mutation	ntG16597A		W80*		
manual_fix	SPAC22G7.06c	ura1-61	PMID:11864600	amino_acid_mutation	ntG16857A		W823*		
manual_fix	SPAC23C4.03	hrk1-V19E	PMID:20929775	amino_acid_mutation	V19E		V19E	hrk1-V19E	pombase typo
manual_fix	SPAC23C4.05c	les1(1-291)	PMID:32848252	partial_amino_acid_deletion	C-terminal truncation 292-431		292-431		
manual_fix	SPAC23C4.18c	rad4-F305S	PMID:24663817	amino_acid_mutation	F305S		F303S		Figures rightly labelled, text wrong
manual_fix	SPAC23C4.18c	rad4-F305S-E368K	PMID:24663817	amino_acid_mutation	F305S-E368K		F303S-E368K		Figures rightly labelled, text wrong
manual_fix	SPAC23C4.18c	rad4-T412A	PMID:24663817	amino_acid_mutation	T412A		canto		Figures rightly labelled, text wrong
manual_fix	SPAC23C4.19	spt5-(CTD)T1A(7)	PMID:29899453	amino_acid_mutation	(CTD)T1A(7)				
manual_fix	SPAC23C4.19	spt5-(T1A)7	PMID:32366382	amino_acid_mutation	CTD-T1A				
manual_fix	SPAC23C4.19	spt5-CTD-T1E(7)	PMID:30282034	amino_acid_mutation	(CTD)T1E				
manual_fix	SPAC23E2.01	fep1 CCAAT promoter mutant	PMID:18223116	nucleotide_mutation	C-188A,C-187A,A-186C,A-185C,T-184G				
manual_fix	SPAC24B11.06c	sty1-KA	PMID:18272791	amino_acid_mutation	K153A		K49R		
manual_fix	SPAC24B11.11c	sid2-K38R	PMID:10459013	amino_acid_mutation	K38R		K238R	sid2-K238R	pombase typo
manual_fix	SPAC24H6.06	sld3-4A698	PMID:21593208	amino_acid_mutation	T636A,T650A,S673A,S690A		T636A,T650A,S673A,T690A		
manual_fix	SPAC24H6.06	sld3-9A	PMID:21593208	amino_acid_mutation	S140A,T201A,T228A,S449A,T636A,T650A,S673A,T690A,S698A		S140A,T201A,T228A,S499A,T636A,T650A,S673A,T690A,S698A		
manual_fix	SPAC24H6.06	sld3-N4A	PMID:21593208	amino_acid_mutation	S140A,T201A,T228A,S449A		S140A,T201A,T228A,S499A		
manual_fix	SPAC25G10.04c	rec10-155::LEU2	PMID:18514516,PMID:28469148,PMID:7586030	disruption	deletes aa 691-791 and adds IVVIMGGMLE at C-terminus				
manual_fix	SPAC26A3.02	myh1-245-461	PMID:24559510	partial_amino_acid_deletion	1-244,462-523		canto		
manual_fix	SPAC26A3.02	myh1-294-461	PMID:24559510	partial_amino_acid_deletion	1-293,462-523		canto		
manual_fix	SPAC26A3.09c	rga2deltaGAP	PMID:18793338	partial_amino_acid_deletion	980-1275				
manual_fix	SPAC26A3.09c	rga2deltaPH&GAP	PMID:18793338	partial_amino_acid_deletion	721-1275				
manual_fix	SPAC27D7.03c	mei2--G1512T	PMID:1657709	nucleotide_mutation	-G1512T				
manual_fix	SPAC27D7.03c	mei2--G1512T,-G1692T	PMID:1657709	nucleotide_mutation	-G1512T,-G1692T				
manual_fix	SPAC27D7.03c	mei2-F644A,Y645V	PMID:7520368	amino_acid_mutation	F644A,Y645V		F644A,I645V		
manual_fix	SPAC27E2.05	cdc1-E2	PMID:19686603	amino_acid_insertion_and_deletion	Q27->GVPK-stop		S26-GVPK,Q27*		
manual_fix	SPAC27F1.09c	prp10-1	PMID:11350031,PMID:20018856,PMID:32168916,PMID:9003295	amino_acid_mutation	A1089V,S1097F		asked		
manual_fix	SPAC27F1.09c	prp10-H662Q	PMID:32168916	amino_acid_mutation	H662Q		H524Q		
manual_fix	SPAC27F1.09c	prp10-K666N	PMID:32168916	amino_acid_mutation	K666N		R528N		
manual_fix	SPAC27F1.09c	prp10-K700E	PMID:32168916	amino_acid_mutation	K700E		K562E		
manual_fix	SPAC2G11.08c	smn1-A134E	PMID:33754639	amino_acid_mutation	A130E				
manual_fix	SPAC2G11.12	rad12-hd	PMID:10572171	disruption	helicase domain::ura4				
manual_fix	SPAC2G11.12	rqh1-h2	PMID:10497270,PMID:11864600	amino_acid_mutation	ntC28520T		Q790*		
manual_fix	SPAC2G11.15c	tgs1-D140A	PMID:17284461	amino_acid_mutation	D140A		remove: Giardia lamblia protein		
manual_fix	SPAC2G11.15c	tgs1-N103A	PMID:17284461	amino_acid_mutation	N103A		remove: Giardia lamblia protein		
manual_fix	SPAC2G11.15c	tgs1-T40A	PMID:17284461	amino_acid_mutation	T40A		remove: Giardia lamblia protein		
manual_fix	SPAC30.03c	tsn1-K95A	PMID:20081200	amino_acid_mutation	K95A		K79A		
manual_fix	SPAC30.03c	tsn1-Q105A	PMID:20081200	amino_acid_mutation	Q105A		Q89A		
manual_fix	SPAC30.03c	tsn1-R210G	PMID:20081200	amino_acid_mutation	R210G		R194G		
manual_fix	SPAC30.03c	tsn1-R211G	PMID:20081200	amino_acid_mutation	R211G		R195G		
manual_fix	SPAC343.08c	mrp17-810	PMID:33823662	amino_acid_mutation	G31D		G33D		
manual_fix	SPAC343.17c	wdr70-DWD	PMID:27098497	nucleotide_mutation	W325A,D326A	amino_acid_mutation			
manual_fix	SPAC3A11.05c	kms1-	PMID:9150257	amino_acid_deletion_and_mutation	288-609,287-RAFSLASSVCHSLA		288-608,287-RAFSLASSVCHSLA		
manual_fix	SPAC3A12.14	cam1-E134	PMID:7657644	amino_acid_mutation	E67V		other		
manual_fix	SPAC3A12.14	cam1-E234	PMID:7657644	amino_acid_mutation	E31V		other		
manual_fix	SPAC3A12.14	cam1-E34	PMID:7657644	amino_acid_mutation	E31V,E67V		other		
manual_fix	SPAC3H5.06c	pol1-L850F	PMID:33568651	amino_acid_mutation	L805F		L850F		
manual_fix	SPAC3H5.06c	pol1-ts11	PMID:11581276,PMID:12697806,PMID:9693370,PMID:9891047	nucleotide_mutation	C2519T				
manual_fix	SPAC3H5.06c	pol1-ts17	PMID:9693370	nucleotide_mutation	C1388T,C1870T,G3547A				
manual_fix	SPAC3H5.06c	swi7-1	PMID:10716938,PMID:11387218,PMID:23071723,PMID:6587363,PMID:8423854	nucleotide_mutation	G1116E	amino_acid_mutation			
manual_fix	SPAC3H8.06	aur1-18	PMID:9472078	nucleotide_mutation	T13777C	amino_acid_mutation	L264P		
manual_fix	SPAC458.04c	dli1-FARA	PMID:20298435	amino_acid_mutation	F163A,R169A		F197A,R203A		simulated with primers
manual_fix	SPAC4A8.11c	fas2-H265	PMID:11470243	amino_acid_mutation	Q4Y		E4Y		
manual_fix	SPAC4G9.08c	rpc2-T455I	PMID:21450810	amino_acid_mutation	T455I		T466I		
manual_fix	SPAC56E4.04c	Pcut6MUT	PMID:27687771	nucleotide_mutation	disrupted Cbf11 binding site in promoter (GTGGGA to cTcGag)				
manual_fix	SPAC57A10.03	cyp1-(180-557)	PMID:11690648	partial_amino_acid_deletion	1-179				
manual_fix	SPAC630.14c	tup12-N(67-271)	PMID:12637515	partial_amino_acid_deletion	1-66,272-586				
manual_fix	SPAC644.14c	rad51-AG2CG	PMID:11073995	nucleotide_mutation	T-239C,T-190C				
manual_fix	SPAC644.14c	rad51-AT2CG	PMID:11073995	nucleotide_mutation	GGT-237TTC,GGT-188TTC				
manual_fix	SPAC644.14c	rad51-ATGTG	PMID:11073995	nucleotide_mutation	G-188T,G-237T				
manual_fix	SPAC644.14c	rad51-CT2CA	PMID:11073995	nucleotide_mutation	AGGTG-236CTTCA,AGGTA187CTTCG				
manual_fix	SPAC664.01c	swi6-R25A	PMID:26438724	amino_acid_mutation	R25A		canto		
manual_fix	SPAC688.11	end4-507	PMID:19366728	amino_acid_mutation	G73D				
manual_fix	SPAC688.11	end4-R1083G	PMID:15827087	amino_acid_mutation	R1083G				
manual_fix	SPAC688.11	end4delta-talin	PMID:15827087	partial_amino_acid_deletion	delta talin				
manual_fix	SPAC688.11	end4delta-talin-GFP	PMID:15827087	partial_amino_acid_deletion	delta talin GFP				
manual_fix	SPAC694.06c	mrc1-S604A,S673A	PMID:16618806	amino_acid_mutation	S604A,S673A		S604A,S637A		pombase typo
manual_fix	SPAC6F12.03c	stx8(A+G)	PMID:33788833	amino_acid_mutation	152-224 substituted by a hinge of A+G				
manual_fix	SPAC6F12.17	rna14-11	PMID:26581324,PMID:27350684,PMID:28567704	nucleotide_mutation	R316Q	amino_acid_mutation			
manual_fix	SPAC6F6.17	rif1::ura4+	PMID:29422503	disruption	ura4+ @ 5' HindIII site				
manual_fix	SPAC6G9.06c	pcp1-14	PMID:24937146,PMID:31042107	amino_acid_mutation	K848R,L1187P		K846R,L1187P		
manual_fix	SPAC767.01c	vps1-K42A	PMID:19643199	amino_acid_mutation	K42A		K40A		cerevisiae coordinates
manual_fix	SPAC7D4.04	atg11(522-552)-LZ	PMID:32909946	amino_acid_insertion	522-552-LZ motif	chimera			
manual_fix	SPAC7D4.04	atg11(522-583)-LZ	PMID:32909946	amino_acid_insertion	522-583-LZ motif	chimera			
manual_fix	SPAC7D4.04	atg11(532-583)-LZ	PMID:32909946	amino_acid_insertion	532-583-LZ motif	chimera			
manual_fix	SPAC821.11	pro1-1	PMID:11864600	amino_acid_mutation	ntG30304A		G392D		
manual_fix	SPAC890.02c	alp7-L461A	PMID:19696784	amino_acid_mutation	L641A		L461		
manual_fix	SPAC8F11.06	brr6.ts8	PMID:22042620	amino_acid_mutation	C192G		C194G		
manual_fix	SPAC926.09c	fas1-AT	PMID:26869222	nucleotide_mutation	A1384T	amino_acid_mutation			
manual_fix	SPAC926.09c	fas1-AV	PMID:26869222	nucleotide_mutation	A1384V	amino_acid_mutation			
manual_fix	SPAC977.10	nhe1-R3479L	PMID:30996236	amino_acid_mutation	R379L		E397L	nhe1-E397L	pombase typo
manual_fix	SPAC977.10	nhe1-REL6	PMID:30996236	amino_acid_mutation	EIEKSIYE-390-QSSGNSHIK		EIEKSIYE-390-QSSGNSHIKE	nhe1-REL6	
manual_fix	SPAC9G1.02	wis4-1-500	PMID:23389634	partial_amino_acid_deletion	wis4-501-1401		501-1401		pombase typo
manual_fix	SPAC9G1.09	sid1-125	PMID:16141239,PMID:16325501,PMID:20805322	amino_acid_mutation	L140P		L114P		With sequence from https://www.ncbi.nlm.nih.gov/pmc/articles/PMC302011/
manual_fix	SPACUNK4.07c	sev4-L5	PMID:16394583	amino_acid_mutation	ntG1844A		G615E		
manual_fix	SPAP7G5.04c	lys1-G910A	PMID:15546125	amino_acid_mutation	G910A		G927A		shifting coordinates to find GGHS, since they are all consecutive
manual_fix	SPAP7G5.04c	lys1-G911A	PMID:15546125	amino_acid_mutation	G911A		G928A		shifting coordinates to find GGHS, since they are all consecutive
manual_fix	SPAP7G5.04c	lys1-H912Q	PMID:15546125	amino_acid_mutation	H912Q		H929Q		shifting coordinates to find GGHS, since they are all consecutive
manual_fix	SPAP7G5.04c	lys1-S913A	PMID:15546125	amino_acid_mutation	S913A		S930A		shifting coordinates to find GGHS, since they are all consecutive
manual_fix	SPAP7G5.04c	lys1-S913T	PMID:15546125	amino_acid_mutation	S913T		S930T		shifting coordinates to find GGHS, since they are all consecutive
manual_fix	SPAP8A3.06	ods2-1	PMID:17130122	nucleotide_mutation	C301A				
manual_fix	SPAP8A3.06	uaf2-C157S,C163S,C167I	PMID:15121844	amino_acid_mutation	C157S,C163S,C167I		C157S,C163S,H167I	uaf2-C157S,C163S,H167I	
manual_fix	SPAP8A3.06	uaf2-C27S,C33S,C37I	PMID:15121844	amino_acid_mutation	C27S,C33S,C37I		C27S,C33S,H37I	uaf2-C27S,C33S,H37I	
manual_fix	SPAP8A3.06	uaf2-E68A,E71A,E74A	PMID:15121844	amino_acid_mutation	E68A,E71A,E74A		E68A,E71A,D74A	uaf2-E68A,E71A,D74A	
manual_fix	SPAP8A3.06	uaf2-E68A,E71A,E74A,ED78AA	PMID:15121844	amino_acid_mutation	E68A,E71A,E74A,ED78AA		E68A,E71A,D74A,ED78AA	uaf2-E68A,E71A,D74A,ED78AA	
manual_fix	SPAP8A3.06	uaf2-RK177AA	PMID:15121844	amino_acid_mutation	RK177AA		RD177AA	uaf2-RD177AA	
manual_fix	SPAP8A3.06	uaf2-T45D,T47D	PMID:15121844	amino_acid_mutation	T45D,T47D		T45D,L47D	uaf2-T45DL47D	
manual_fix	SPAP8A3.06	uaf2-T47D	PMID:15121844	amino_acid_mutation	T47D		L47D	uaf2-L47D	
manual_fix	SPAP8A3.06	uaf2-T47R	PMID:15121844	amino_acid_mutation	T47R		L47R	uaf2-L47R	
manual_fix	SPAPB18E9.02c	ppk18-2A-S6K	PMID:26776736	amino_acid_mutation	S1010A,S2012A		S1010A,S1012A		
manual_fix	SPAPB1E7.02c	cos1-17	PMID:18493607	nucleotide_mutation	T698A				
manual_fix	SPAPB1E7.02c	cos1-38	PMID:18493607	nucleotide_mutation	G1865A				
manual_fix	SPAPB1E7.02c	cos1-7	PMID:18493607	nucleotide_mutation	G724A				
manual_fix	SPAPB1E7.02c	mcl1-1	PMID:12455694,PMID:15643072	amino_acid_mutation	ntG372A		W109*		
manual_fix	SPAPB1E7.02c	mcl1-101	PMID:15915339,PMID:18493607	nucleotide_mutation	C1477T,C2287T,G2303A				
manual_fix	SPAPB2B4.03	nmt1-cig2-III	PMID:10725227	partial_nucleotide_deletion	cig2 -3000--1248				
manual_fix	SPAPB8E5.05	mfm1-promoter(M-box-mut1)	PMID:9233811	nucleotide_mutation	C-177A				
manual_fix	SPAPB8E5.05	mfm1-promoter(M-box-mut2)	PMID:9233811	nucleotide_mutation	G-173A				
manual_fix	SPAPB8E5.05	mfm1-promoter(TR-mut1)	PMID:9233811	nucleotide_mutation	C-161A				
manual_fix	SPAPB8E5.05	mfm1-promoter(TR-mut2)	PMID:9233811	nucleotide_mutation	G-154A				
manual_fix	SPAPB8E5.05	mfm1-promoter(TR-mut3)	PMID:9233811	nucleotide_mutation	C-165A,C-164A,G-154A				
manual_fix	SPAPJ696.01c	vps17-RR	PMID:15189449	amino_acid_mutation	R141Q,R142Q		R136Q,R137Q		
manual_fix	SPBC119.04	mei3-promoter-d3	PMID:9819418	nucleotide_mutation	T-92A,C-90T,A-89C,G-87CATCC-88				
manual_fix	SPBC119.04	mei3-promoter-delta14	PMID:9819418	partial_nucleotide_deletion	-74--60				
manual_fix	SPBC119.04	mei3-promoter-delta5	PMID:9819418	partial_nucleotide_deletion	-328--251				
manual_fix	SPBC119.04	mei3-promoter-delta7	PMID:9819418	partial_nucleotide_deletion	-113--163				
manual_fix	SPBC1198.04c	zas1-1-274	PMID:29735745	partial_amino_acid_deletion	326-897				
manual_fix	SPBC1198.04c	zas1-1-289	PMID:29735745	partial_amino_acid_deletion	341-897				
manual_fix	SPBC1198.04c	zas1-1-360	PMID:29735745	partial_amino_acid_deletion	412-897				
manual_fix	SPBC1198.04c	zas1-1-470	PMID:29735745	partial_amino_acid_deletion	522-897				
manual_fix	SPBC1198.04c	zas1-1-590	PMID:29735745	partial_amino_acid_deletion	642-897				
manual_fix	SPBC1198.04c	zas1-1-712	PMID:29735745	partial_amino_acid_deletion	764-897				
manual_fix	SPBC1198.04c	zas1-deltaaj3	PMID:29735745	partial_amino_acid_deletion	885-897				
manual_fix	SPBC11C11.02	imp2-28A	PMID:34402513	amino_acid_mutation	S346A,S367A,S383A,T384A,S396A,S397A,S402A,T426A,T438A,S451A,S454A,S456A,S467A,S469A,S480A,S490A,S503A,S511A,S520A,S524A,T531A,T554A,T560A,S564A,S565A,S584A,T595A,S596A		T346A,S367A,S383A,T384A,S396A,S397A,S402A,T426A,T438A,S451A,S454A,S456A,T467A,S469A,S480A,S490A,S503A,S511A,S520A,S524A,T531A,T554A,T560A,S564A,S565A,S584A,T595A,S596A		
manual_fix	SPBC11C11.02	imp2-28E	PMID:34402513	amino_acid_mutation	S346E,S367E,S383E,T384E,S396E,S397E,S402E,T426E,T438E,S451E,S454E,S456E,S467E,S469E,S480E,S490E,S503E,S511E,S520E,S524E,T531E,T554E,T560E,S564E,S565E,S584E,T595E,S596E		T346E,S367E,S383E,T384E,S396E,S397E,S402E,T426E,T438E,S451E,S454E,S456E,T467E,S469E,S480E,S490E,S503E,S511E,S520E,S524E,T531E,T554E,T560E,S564E,S565E,S584E,T595E,S596E		
manual_fix	SPBC11C11.02	imp2-dimer-4A	PMID:26776521	amino_acid_mutation	K97A,Q101A,D109A,R116A,R166A		K97A,Q101A,D109A,R116A		
manual_fix	SPBC11C11.08	srp1-RBD-V	PMID:9421507	amino_acid_deletion_and_mutation	64-275,DAEDA->VAVVA		D59V,E61V,D62V,64-275		
manual_fix	SPBC12D12.04c	pck2-C199S	PMID:10651902	amino_acid_mutation	C199S		canto		
manual_fix	SPBC12D12.07c	trx2-T2-CS	PMID:18849471	amino_acid_mutation	C50S		C59		
manual_fix	SPBC12D12.07c	trx2-T2-SS	PMID:18849471	amino_acid_mutation	C47S,C50S		C59,C62		
manual_fix	SPBC146.07	prp2-C157S,C163S,H167I	PMID:15548596	amino_acid_mutation	C157S,C163S,H167I		canto		
manual_fix	SPBC146.13c	myo1-S61A	PMID:19808887	amino_acid_mutation	S61A		S361A	myo1-S361A	
manual_fix	SPBC146.13c	myo1-S61D	PMID:19808887	amino_acid_mutation	S61D		S361D	myo1-S361D	
manual_fix	SPBC14C8.01c	cut2(81-156),EA2	PMID:16483313	amino_acid_deletion_and_mutation	81-156,127DIE-AIA		81-156,D127A,D129E		
manual_fix	SPBC14C8.07c	cdc18-46	PMID:11030343,PMID:1934126	amino_acid_mutation	E521A,Q334A		E521A,D524A		
manual_fix	SPBC14F5.13c	pho8-m1	PMID:31239353	amino_acid_mutation	D331A H315A		D311A,H315A		
manual_fix	SPBC1539.08	arf6p165n	PMID:18060866	amino_acid_mutation	P165N		L165N		
manual_fix	SPBC15D4.02	gsf1-AAD-1	PMID:9973368	amino_acid_mutation	C22T		cannot fix		not mentioned in paper
manual_fix	SPBC1604.20c	tea2	PMID:15177031	amino_acid_mutation	E336A		asked		
manual_fix	SPBC1604.21c	ptr3-1	PMID:9168469	nucleotide_mutation	C1892A				
manual_fix	SPBC1683.10c	pcl1-CCAAT promoter mutant -205AACCG-201	PMID:16963626	nucleotide_mutation	C-205A,C-204A,A-203C,A-202C,T-201G				
manual_fix	SPBC1685.01	pmp1-M1	PMID:12931193	nucleotide_mutation	A1288U				https://www.nature.com/articles/nature01907
manual_fix	SPBC1685.01	pmp1-M12	PMID:12931193	nucleotide_mutation	A1288U,A1293U				https://www.nature.com/articles/nature01907
manual_fix	SPBC1685.01	pmp1-M123	PMID:12931193	nucleotide_mutation	A1288U,A1293U,A1300U				https://www.nature.com/articles/nature01907
manual_fix	SPBC1685.01	pmp1-M13	PMID:12931193	nucleotide_mutation	A1288U,A1300U				https://www.nature.com/articles/nature01907
manual_fix	SPBC1685.01	pmp1-M2	PMID:12931193	nucleotide_mutation	A1293U				https://www.nature.com/articles/nature01907
manual_fix	SPBC1685.01	pmp1-M23	PMID:12931193	nucleotide_mutation	A1293U,A1300U				https://www.nature.com/articles/nature01907
manual_fix	SPBC1685.01	pmp1-M3	PMID:12931193	nucleotide_mutation	A1300U				https://www.nature.com/articles/nature01907
manual_fix	SPBC16A3.09c	ufd1-7	PMID:22730331,PMID:28821619	amino_acid_mutation	L86P,G226D		L68P,G226D		
manual_fix	SPBC16D10.04c	dna2-C1	PMID:10880469	nucleotide_mutation	C2867C				
manual_fix	SPBC16D10.04c	dna2-C2	PMID:10880469,PMID:15485922,PMID:15576681,PMID:18493607,PMID:32692737	nucleotide_mutation	T3236C				
manual_fix	SPBC16D10.09	pcn1-20	PMID:9563836	amino_acid_mutation	E232A		cannot fix		most likely typo in paper, many others are correct
manual_fix	SPBC16H5.06	rip1-I23G	PMID:9535840	amino_acid_mutation	I23G		remove: cerevisiae protein		
manual_fix	SPBC1706.01	tea4-F225A	PMID:17895368	amino_acid_mutation	F225A		F239A		
manual_fix	SPBC1706.01	tea4-P170A	PMID:15809031	amino_acid_mutation	P170A		P182A		
manual_fix	SPBC1706.01	tea4-RVxF*	PMID:21703453	amino_acid_mutation	V223A,F225A		V237,F239		COnsecutive VF close by
manual_fix	SPBC1706.01	tea4-SH3	PMID:21703453,PMID:24554432	amino_acid_mutation	W155A,W156A		W168A,W169A		Only consecutive W
manual_fix	SPBC1706.01	tea4-V223A	PMID:17895368	amino_acid_mutation	V223A		V237A		
manual_fix	SPBC1718.07c	zfs1-S141A,S145A,S154A,S155A	PMID:29084823	amino_acid_mutation	S141A,S145A,S154A,S155A		S141A,S151A,S154A,S155A	zfs1-S141A,S151A,S154A,S155A	
manual_fix	SPBC1734.02c	cdc27-R25	PMID:15576681	nucleotide_insertion	814-GTTGTTTGACATTCGATCCTTCCGTCTTCGGAAGACTAACTTATTGTAGCCTCGTGTTTTGAAAAAGGCACCTTCAACTCATTCCCCCCAATTATCTGTTCCCTCAAAGACATCGACAATC				
manual_fix	SPBC1734.02c	cdc27-R3	PMID:15576681	nucleotide_insertion	827-ATCGATAAGACTGACA				
manual_fix	SPBC1734.02c	cdc27-R40	PMID:15576681	nucleotide_insertion	1025-TTGTCTGAGCAAGCAAAGAGAGAGCGCGATGATCTGAAAAATATTATGCAGCTAGAAG				
manual_fix	SPBC17F3.02	nak1-125	PMID:16096637,PMID:17317928,PMID:20826805,PMID:23649273	nucleotide_mutation	T198I	amino_acid_mutation			
manual_fix	SPBC1861.01c	cnp3-1-60	PMID:29180432	partial_amino_acid_deletion	74-661	61-643			
manual_fix	SPBC19G7.01c	msh2-30	PMID:31712578	disruption	removing 242 bps at the very 5‚Äô end of the msh2 coding sequence plus an additional 299 bps upstream of the start codon				
manual_fix	SPBC1A4.03c	ptr11-1	PMID:15161942	amino_acid_mutation	G438S		G492S		sequence from PMC1167120
manual_fix	SPBC1A4.03c	ptr11-2	PMID:15161942	amino_acid_mutation	L431I		L485I		sequence from PMC1167121
manual_fix	SPBC1A4.03c	ptr11-3	PMID:15161942	amino_acid_mutation	R1008H		R1062H		sequence from PMC1167122
manual_fix	SPBC1A4.03c	top2-1-40/SV	PMID:1332977	amino_acid_mutation	amino acids 1-40 replaced by SV40 NLS sequence PKKKRKV				
manual_fix	SPBC1A4.03c	top2-1-40/SV-delta-Sph	PMID:1332977	amino_acid_mutation	amino acids 1-40 replaced by SV40 NLS sequence PKKKRKV,and amino acids 1200-1485 deleted				
manual_fix	SPBC1A4.03c	top2-1-40/SV-delta-Xba	PMID:1332977	amino_acid_mutation	amino acids 1-40 replaced by SV40 NLS sequence PKKKRKV,and amino acids 1221-1485 deleted				
manual_fix	SPBC1A4.03c	top2-1-74/SV	PMID:1332977	amino_acid_mutation	amino acids 1-74 replaced by SV40 NLS sequence PKKKRKV				
manual_fix	SPBC1A4.03c	top2-1-74/SV-delta-Sph	PMID:1332977	amino_acid_mutation	amino acids 1-74 replaced by SV40 NLS sequence PKKKRKV,and amino acids 1200-1485 deleted				
manual_fix	SPBC1A4.03c	top2-1-74/SV-delta-Xba	PMID:1332977	amino_acid_mutation	amino acids 1-74 replaced by SV40 NLS sequence PKKKRKV,and amino acids 1221-1485 deleted				
manual_fix	SPBC1A4.03c	top2-26-40/SV	PMID:1332977	amino_acid_mutation	amino acids 26-40 replaced by SV40 NLS sequence PKKKRKV				
manual_fix	SPBC1A4.03c	top2-26-40/SV-delta-Sph	PMID:1332977	amino_acid_mutation	amino acids 26-40 replaced by SV40 NLS sequence PKKKRKV,and amino acids 1200-1485 deleted				
manual_fix	SPBC1A4.03c	top2-26-40/SV-delta-Xba	PMID:1332977	amino_acid_mutation	amino acids 26-40 replaced by SV40 NLS sequence PKKKRKV,and amino acids 1221-1485 deleted				
manual_fix	SPBC20F10.04c	nse4/ext	PMID:32546830	amino_acid_insertion	174 - 30aa insertion		174-GGGGSGGGGSGGGGSGGGGSGGGGSGGGGS		
manual_fix	SPBC215.05	gpd1-G4BS	PMID:25122751	nucleotide_mutation	TTACGTCA-329CGGAAGACTCTCCTCCG				
manual_fix	SPBC216.06c	swi1-F105A	PMID:20924116	amino_acid_mutation	F105A		canto		
manual_fix	SPBC216.06c	swi1-H97A	PMID:20924116	amino_acid_mutation	H97A		canto		
manual_fix	SPBC216.06c	swi1-W95A	PMID:20924116	amino_acid_mutation	W95A		canto		
manual_fix	SPBC216.07c	tor2-13	PMID:17121544,PMID:29199950,PMID:33138913	amino_acid_mutation	C2163R,I2280V,G2205L		Q2305L		
manual_fix	SPBC216.07c	tor2-SE	PMID:24344203	amino_acid_mutation	S1834E		S1837E		
manual_fix	SPBC23E6.07c	rfc1-33	PMID:16040599	amino_acid_mutation	D739A		N739A		
manual_fix	SPBC23E6.07c	rfc1-41	PMID:16040599	amino_acid_mutation	D842A		N842A		
manual_fix	SPBC23E6.07c	rfc1-46	PMID:16040599	amino_acid_insertion	Q852-SRGTP		852-SRGTP		
manual_fix	SPBC24C6.08c	bhd1-H255R	PMID:17556368	amino_acid_mutation	H255R		H352R		
manual_fix	SPBC26H8.07c	nda3noD	PMID:34798057	nucleotide_mutation	U1347A,U1349C				
manual_fix	SPBC28F2.12	rpb1-(S2A)12	PMID:22144909	amino_acid_mutation	CTD-S2A				
manual_fix	SPBC28F2.12	rpb1-CTD-S2A	PMID:20605454	amino_acid_mutation	(CTD)S2A				
manual_fix	SPBC28F2.12	rpb1-CTD-S2A29	PMID:33711009	amino_acid_mutation	all CTD S2 residues mutated to A				
manual_fix	SPBC28F2.12	rpb1-CTD-S53,S5A11	PMID:29414789	amino_acid_mutation	(CTD)S53,S5A				
manual_fix	SPBC28F2.12	rpb1-CTD-S5A	PMID:20605454	amino_acid_mutation	(CTD)S5A				
manual_fix	SPBC28F2.12	rpb1-CTD-S7A	PMID:29414789	amino_acid_mutation	(CTD)S7A				
manual_fix	SPBC28F2.12	rpb1-CTD-S7A29	PMID:33711009	amino_acid_mutation	all CTD S7 residues mutated to A				
manual_fix	SPBC28F2.12	rpb1-CTD-T4	PMID:30282034	amino_acid_mutation	(CTD)T4E				
manual_fix	SPBC28F2.12	rpb1-CTD-T4A	PMID:29414789,PMID:30282034	amino_acid_mutation	(CTD)T4A				
manual_fix	SPBC28F2.12	rpb1-CTD-T4A,S7A	PMID:29414789	amino_acid_mutation	(CTD)T4A,S7A				
manual_fix	SPBC28F2.12	rpb1-CTD-T4A29	PMID:33711009	amino_acid_mutation	all CTD T4 residues mutated to A				
manual_fix	SPBC28F2.12	rpb1-CTD-Y1F29	PMID:33711009	amino_acid_mutation	all CTD Y1 residues mutated to F				
manual_fix	SPBC29A10.14	rec8-N12A	PMID:25993311	amino_acid_mutation	N12A		S40A,S63A,T113A,S176A,S186A,S187A,S193A,T198A,T219A,S222A,S230A,S233A		
manual_fix	SPBC29A10.14	rec8-RD2	PMID:14532136	amino_acid_mutation	E369R,E370R,R373E		D369R,D370R,R373E		
manual_fix	SPBC29A10.14	rec8-RDRD	PMID:14532136,PMID:14972679	amino_acid_mutation	E369R,E370R,R373E,E379R,E381R,R384E		D369R,D370R,R373E,E379R,E381R,R384E		
manual_fix	SPBC29A10.14	rec8-S522P	PMID:35333350	amino_acid_mutation	S522P		S552P	rec8-S552P	pombase typo
manual_fix	SPBC2D10.06	rep1::ura4	PMID:9671035	disruption	lacks the N-terminal 80% of the rep1 coding region				
manual_fix	SPBC2F12.13	klp5-E569P	PMID:31427431	amino_acid_mutation	E569P		canto		
manual_fix	SPBC30D10.10c	tor1-SE	PMID:24344203	amino_acid_mutation	S1837E		S1834		
manual_fix	SPBC30D10.10c	tor1-g2	PMID:12805221	nucleotide_mutation	nt1071->stop	nonsense_mutation	R1071*		
manual_fix	SPBC32C12.02	ste11-CORE2	PMID:10982411	nucleotide_mutation	-C460T,-C459G,-C458A				
manual_fix	SPBC32C12.02	ste11-Mb2	PMID:10982411	nucleotide_mutation	-C194T,-C193G,-C192A				
manual_fix	SPBC32C12.02	ste11-Mb3	PMID:10982411	nucleotide_mutation	-C190G				
manual_fix	SPBC32F12.04	gtb1-Q10A	PMID:18418055	amino_acid_mutation	Q405A		Q394A		
manual_fix	SPBC32H8.11	mei4-F125D	PMID:9528784	amino_acid_mutation	F125D		F115D		typo in paper
manual_fix	SPBC32H8.11	mei4-K85Q	PMID:9528784	amino_acid_mutation	K85Q		K81Q		typo in paper
manual_fix	SPBC32H8.11	mei4-W115S	PMID:9528784	amino_acid_mutation	W115S		W125S		typo in paper
manual_fix	SPBC32H8.12c	cps8-188	PMID:10547441,PMID:1524835,PMID:16141239,PMID:18346214,PMID:21832151,PMID:22891259,PMID:32313168,PMID:8292390,PMID:8774852	amino_acid_mutation	D273G		G273D		
manual_fix	SPBC336.04	cdc6-R18	PMID:15576681	nucleotide_mutation	C2905T				
manual_fix	SPBC336.04	cdc6-ts1	PMID:12697806,PMID:7700230,PMID:8367300,PMID:9794798,PMID:9891047	nucleotide_mutation	C428U,C430U				
manual_fix	SPBC336.04	cdc6-ts2	PMID:12697806,PMID:7700230,PMID:8367300,PMID:9891047	nucleotide_mutation	G811A				
manual_fix	SPBC336.04	cdc6-ts3	PMID:12697806,PMID:7700230,PMID:8367300,PMID:9135148,PMID:9154809,PMID:9348105,PMID:9794798,PMID:9891047	nucleotide_mutation	G3191A				
manual_fix	SPBC342.05	crb2-(1-520)LZ	PMID:20679485	amino_acid_deletion_and_mutation	521-778 replaced by leucine zipper				
manual_fix	SPBC359.05	abc3-M1 GATA promoter mutant	PMID:19915076	nucleotide_mutation	T-202G,T-201A,A-200C,T-199G,C-198G,A-197C				
manual_fix	SPBC359.05	abc3-M1,M2 GATA promoter mutant	PMID:19915076	nucleotide_mutation	T-202G,T-201A,A-200C,T-199G,C-198G,A-197C,T-120C,G-119C,A-118T,T-117G,A-116T,T-115C				
manual_fix	SPBC359.05	abc3-M2 GATA promoter mutant	PMID:19915076	nucleotide_mutation	T-120C,G-119C,A-118T,T-117G,A-116T,T-115C				
manual_fix	SPBC36B7.09	gcn2-Y1119L R1120L	PMID:28771613	amino_acid_mutation	Y1119L,R1120L		F1066A,R1067L		
manual_fix	SPBC3B9.07c	rpa43-ts2817	PMID:12207036	amino_acid_mutation	Y14H,I17T,D24EmL1H,F81S,L144Q				
manual_fix	SPBC3B9.21	dcp1-P69S	PMID:15671491	nucleotide_mutation	C205T				
manual_fix	SPBC3B9.21	dcp1-R19A,L22A,V26A,N23A,R147A,P150A	PMID:18280239	amino_acid_mutation	R19A,L22A,V26A,N23A,R147A,P150A		remove: cerevisiae protein		
manual_fix	SPBC3D6.03c	trz1-promoterTATA	PMID:27902423	nucleotide_mutation	T-35A,A-34T,A-32T,G-31A				
manual_fix	SPBC3D6.10	apn2::ura4+	PMID:14599746	disruption	nt56-1496				
manual_fix	SPBC4.01	dni2-deltaCT	PMID:29134248	partial_amino_acid_deletion	248-284				
manual_fix	SPBC409.05	skp1-A7	PMID:15147872,PMID:22292001,PMID:24006256	amino_acid_mutation	T454C		I110T		
manual_fix	SPBC409.12c	stn1-1	PMID:29774234	amino_acid_mutation	L177M,L180I		I177M,M180I		
manual_fix	SPBC428.08c	clr4-alpha-mut	PMID:22727667	amino_acid_mutation	KRRKR-58-NEHG				
manual_fix	SPBC428.16c	rhb1-RD24-1	PMID:16262791	amino_acid_mutation	D111G,E168G,K120R		cannot fix		does not match their sequence
manual_fix	SPBC428.16c	rhb1-RD72-1	PMID:16262791	amino_acid_mutation	P72S,I76V,I98K,N153S		cannot fix		does not match their sequence
manual_fix	SPBC428.16c	rhb1-T35M	PMID:10835385	amino_acid_mutation	T35M		T38M		
manual_fix	SPBC4F6.06	kin1-TA	PMID:29249658	amino_acid_mutation	T2999A		T299A		
manual_fix	SPBC4F6.09	GATA promoter mutant CYC1-lacZ	PMID:12888492	nucleotide_mutation	-870AGATAA-865 ->GCCGTC				
manual_fix	SPBC530.12c	pdf1-D226A	PMID:15075260	amino_acid_mutation	D226A		D245A		
manual_fix	SPBC530.12c	pdf1-H478A	PMID:15075260	amino_acid_mutation	H478A		H478A		
manual_fix	SPBC530.12c	pdf1-R344A	PMID:15075260	amino_acid_mutation	R344A		R363A		
manual_fix	SPBC530.12c	pdf1-R344A,R354A	PMID:15075260	amino_acid_mutation	R344A,R354A		R363A,R373A		
manual_fix	SPBC530.12c	pdf1-R354A	PMID:15075260	amino_acid_mutation	R354A		R373A		
manual_fix	SPBC530.12c	pdf1-S106A	PMID:15075260	amino_acid_mutation	S106A		S125A		
manual_fix	SPBC582.03	cdc13 disruption	PMID:2908246	disruption	nt 785-1599				
manual_fix	SPBC649.05	cut12-1	PMID:12815070,PMID:19487457,PMID:22438582,PMID:23333317	partial_amino_acid_deletion	R531stop		R536*		
manual_fix	SPBC649.05	cut12-G71V,R531stop	PMID:23333317	amino_acid_deletion_and_mutation	G71V,R531stop		G71V,R536*		
manual_fix	SPBC649.05	cut12.PDswap	PMID:23333317	amino_acid_mutation	GILKTPTQIKKTVNF-71-ILGHKLEYNYNSHMVYI				
manual_fix	SPBC685.09	orc2-T159A,S162A,T196A,T209A,T214A,T217A	PMID:11486016	amino_acid_mutation	T159A,S162A,T196A,T209A,T214A,T217A		T8A,T21A,T26A,T29A,T123A,S126A		
manual_fix	SPBC685.09	orp2-T3D	PMID:11486016	amino_acid_mutation	T196D,T214D,T217D		T8D,T26D,T29D		
manual_fix	SPBC685.09	orp2-T4A	PMID:11486016,PMID:12419251	amino_acid_mutation	T196A,T209A,T214A,T217A		T8A,T21A,T26A,T29A		
manual_fix	SPBC6B1.09c	nbs1-K522D	PMID:23080121	amino_acid_mutation	K552D		canto		
manual_fix	SPBC6B1.09c	nbs1-s10	PMID:18378696,PMID:19804755,PMID:19804756	nucleotide_mutation	G308A				
manual_fix	SPBC725.06c	ppk31--579-T (5'-UTR-uORF)	PMID:30072377	nucleotide_insertion	-579-T				
manual_fix	SPBC776.09	ste13-Q194P	PMID:8078473	amino_acid_mutation	Q194P		E194P		
manual_fix	SPBC776.12c	hsk1-89	PMID:11359920,PMID:11402029,PMID:12972571,PMID:19422421,PMID:20230746,PMID:21095590,PMID:21099360,PMID:21518960,PMID:22024164,PMID:22279046,PMID:24656819,PMID:34608864	amino_acid_mutation	L337P,E403K,L416P		L339P,E403K,L416P		
manual_fix	SPBC776.13	cnd1-175	PMID:24362309	amino_acid_mutation	G667E		asked		probably G677
manual_fix	SPBC776.13	cnd1-S331P	PMID:25764183,PMID:31072933	amino_acid_mutation	S331P		L331P		
manual_fix	SPBC800.05c	alp2-996	PMID:9658169	nucleotide_mutation	G1065A				
manual_fix	SPBC8E4.01c	pho84-TATA box mutant	PMID:29414789	nucleotide_mutation	T-33C,A-32G,T-31C,A-30G,T-29C,A-28G,T-27C,A-26G				
manual_fix	SPBP16F5.07	apm1-1	PMID:15047861,PMID:19624755	amino_acid_mutation	T343->stop		W343*		
manual_fix	SPBP19A11.06	lid2	PMID:18957202	amino_acid_mutation	H512A		H542A	lid2H512A	
manual_fix	SPBP4G3.02	pho1-231	PMID:2381421	amino_acid_mutation	S349F		S367F		shifting value to match the sequence
manual_fix	SPBP4G3.02	pho1-232	PMID:2381421	amino_acid_mutation	G281D		G299D		shifting value to match the sequence
manual_fix	SPBP4G3.02	pho1-240	PMID:2381421	amino_acid_mutation	S271F		S289F		shifting value to match the sequence
manual_fix	SPBP4G3.02	pho1-283	PMID:2381421	amino_acid_mutation	S277F		S295F		shifting value to match the sequence
manual_fix	SPBP4G3.02	pho1-304	PMID:2381421,PMID:3447747	amino_acid_mutation	S150F		S168F		shifting value to match the sequence
manual_fix	SPCC1020.04c	rpb6-ts127	PMID:10648612	amino_acid_mutation	Y45I		T45I		
manual_fix	SPCC1183.06	ung1-D145N	PMID:12810074	amino_acid_mutation	D145N	D142N			PMID:9724657
manual_fix	SPCC1183.06	ung1-L272A	PMID:12810074	amino_acid_mutation	L272A	L270A			PMID:9724657
manual_fix	SPCC11E10.07c	tif221-2	PMID:32841241	disruption	frameshift at L43				
manual_fix	SPCC1223.06	tea1-R2	PMID:9200612	partial_nucleotide_deletion	nt1-134	partial_amino_acid_deletion	1-45		
manual_fix	SPCC1259.15c	ubc11-P39L	PMID:23442800	amino_acid_mutation	P39L		P93L	ubc11-P93L	pombase typo
manual_fix	SPCC1393.08	fil1-uORFs_mutated	PMID:29432178	nucleotide_mutation	6 uORFs in 5'-UTR mutated				
manual_fix	SPCC162.04c	wtf13-aa343-349delta	PMID:30475921	partial_nucleotide_deletion	343-349				
manual_fix	SPCC162.04c	wtf13-antidote	PMID:30475921	nucleotide_mutation	A358T,T359A,G360C				
manual_fix	SPCC162.04c	wtf13-poison	PMID:30475921	amino_acid_mutation	M1X,M12X				
manual_fix	SPCC188.06c	srp54::LEU2	PMID:7969124	disruption	disruption				
manual_fix	SPCC18B5.06	dom34-R11	PMID:15576681	nucleotide_mutation	C1198A				
manual_fix	SPCC285.07c	wtf18-2	PMID:30475921	amino_acid_insertion_and_mutation	exon 6 of wtf18-2 is identical to the last exon of wtf13				
manual_fix	SPCC285.07c	wtf18-2D366NN	PMID:30475921	amino_acid_insertion_and_mutation	D366N,366N				
manual_fix	SPCC285.09c	cgs2-CRE promoter binding site mutant	PMID:15448137	nucleotide_mutation	-G67T,-C68A				
manual_fix	SPCC330.10	pcm1-D145A	PMID:17284461	amino_acid_mutation	D145A		D116A		
manual_fix	SPCC330.10	pcm1-R181A	PMID:17284461	amino_acid_mutation	R181A		R152A		
manual_fix	SPCC330.10	pcm1-Y225A	PMID:17284461	amino_acid_mutation	Y225A		Y196A		
manual_fix	SPCC338.08	ctp1-30	PMID:26130711	amino_acid_mutation	I110N with frameshift at T197 truncating at position 208				
manual_fix	SPCC338.08	ctp1-CT15	PMID:33836577	partial_amino_acid_deletion	ctp15-1-279		1-279		
manual_fix	SPCC338.08	ctp1-E255A	PMID:25580577	amino_acid_mutation	E255A		E225A		typo in pombase
manual_fix	SPCC4B3.15	mid1-9A	PMID:30853434	amino_acid_mutation	S110A,S127A,S216A,S227A,S329A,S432A,S452A,S464A,S531A		S110A,S127A,S218A,S227A,S329A,S432A,S452A,S464A,S531A		
manual_fix	SPCC4E9.01c	rec11-5A	PMID:25579976	amino_acid_mutation	S7A,S10A,S11A,T18A and S22A		S7A,S10A,S11A,T18A,S22A		
manual_fix	SPCC4G3.05c	mus81-T239A	PMID:19037101,PMID:32341083	amino_acid_mutation	T239A		T275A		
manual_fix	SPCC550.13	him1-motif-M-mut	PMID:11402029	amino_acid_mutation	Y311A,Y291A,D286A		Y281A,D286A,Y291A		Simulated with primer
manual_fix	SPCC584.04	sup35-R13	PMID:15576681	nucleotide_mutation	C876A				
manual_fix	SPCC5E4.04	cut1-21	PMID:22645648	amino_acid_mutation	T545S		N547S		https://www.ncbi.nlm.nih.gov/pmc/articles/PMC452486
manual_fix	SPCC5E4.04	ptr4-1	PMID:14511667,PMID:9168469	nucleotide_mutation	T3487A,T3505A				
manual_fix	SPCC613.04c	rng3::ura4+	PMID:10852821	disruption	lacking AA330-655				
manual_fix	SPCC645.03c	isa1-C136A	PMID:11941510,PMID:12741836	amino_acid_mutation	C136A		C180A		
manual_fix	SPCC645.03c	isa1-C138A	PMID:11941510,PMID:12741836	amino_acid_mutation	C138A		C182A		
manual_fix	SPCC645.03c	isa1-C72A	PMID:11941510,PMID:12741836	amino_acid_mutation	C72A		C116A		
manual_fix	SPCC645.05c	myo2-LT	PMID:30928696	amino_acid_insertion	+ myp2-aa1622-2104	chimera			
manual_fix	SPCC645.05c	myo2-ST	PMID:30928696	amino_acid_insertion	+myp2-aa1923-2104				
manual_fix	SPCC645.05c	myo2deltaCt-1-1393,S144A	PMID:15184401	partial_amino_acid_deletion	1394-1526,S144A		1-1393,S144A	myo2Ct1394-1526,S144A	
manual_fix	SPCC645.05c	myo2deltaCt-1-1393,S144D	PMID:15184401	partial_amino_acid_deletion	1394-1526,S144D		1-1393,S144D	myo2Ct1394-1526,S144D	
manual_fix	SPCC736.15	pil1N	PMID:32023460	amino_acid_deletion_and_mutation	pil1(1-266)		267-351		
manual_fix	SPCC737.08	mdn1-R4	PMID:27667686	amino_acid_mutation	R1375A,R1379A		R1379A,R1381A		
manual_fix	SPCC737.08	mdn1-R4-1	PMID:27667686	amino_acid_mutation	R1375A		R1381A		
manual_fix	SPCC757.07c	ctt1-G4BS	PMID:25122751	nucleotide_mutation	ATGACGT-435CGGAAGACTCTCCTCCG				
manual_fix	SPCC757.09c	rnc1(S/T6A)	PMID:31911490	amino_acid_mutation	T45A,T50A,T171A,T177A,S278A,S286A		T45A,T50A,T171A,T177A,S278A,S283A		
manual_fix	SPCC757.09c	rnc1-G557D	PMID:12931193	amino_acid_mutation	G557D		G337D		
manual_fix	SPCC777.09c	arg1-1	PMID:17622533	amino_acid_mutation	E136K,S187N				
manual_fix	SPCC794.12c	mae2-UAS1	PMID:10187772	nucleotide_mutation	T-359G,C-358T,C-357T,C-356A,T-354C				
manual_fix	SPCC794.12c	mae2-URS1	PMID:10187772	nucleotide_mutation	C-243G,A-242G,T-240C,C-239A,A-238C,T-237C				
manual_fix	SPCC794.12c	mae2-URS3	PMID:10187772	nucleotide_mutation	G-185A,G-184C,C-182T,T-181A,A-180C,A-179G				
manual_fix	SPCC794.12c	mae2-promoter(TATA)	PMID:10187772	nucleotide_mutation	T-88G,A-86C,T-85A,T-84C,T-83C				
manual_fix	SPCC962.02c	bir1-C105A	PMID:11554922	amino_acid_mutation	C105A		C95A		based on PstI restriction site
manual_fix	SPCC970.01	swi9-136	PMID:8114734	nucleotide_mutation	E659K				
manual_fix	SPNCRNA.103	sme2-3'	PMID:24920274	partial_nucleotide_deletion	1-507				
manual_fix	SPNCRNA.103	sme2-5'	PMID:24920274	partial_nucleotide_deletion	509-1562				
manual_fix	SPNCRNA.103	sme2D1-574	PMID:22582262	partial_nucleotide_deletion	1-574				
manual_fix	SPNCRNA.103	sme2deltaC	PMID:22582262	partial_nucleotide_deletion	-925--54				
manual_fix	SPNCRNA.103	sme2deltaD	PMID:22582262	partial_nucleotide_deletion	-925--144				
manual_fix	SPNCRNA.103	sme2deltaE	PMID:22582262	partial_nucleotide_deletion	1058-1586				
manual_fix	SPNCRNA.103	sme2deltaF	PMID:22582262	partial_nucleotide_deletion	1425-1586				
manual_fix	SPNCRNA.1698	nc-tgp-+5_seb1_bs	PMID:32499400	nucleotide_mutation	G521T,T543A,A554T,C569G,C578G				
manual_fix	SPNCRNA.214	ter1-5	PMID:18157152	nucleotide_mutation	U236C				
manual_fix	SPNCRNA.214	ter1-8	PMID:18157152	nucleotide_mutation	C226A,G227C,U228C,G229C,G235C				
manual_fix	SPNCRNA.214	ter1-Mutant B	PMID:18157149	nucleotide_mutation	U225A,C226G,G227C,U228A				
manual_fix	SPNCRNA.214	ter1-STEloop	PMID:26305931	nucleotide_mutation	UUUU1071AAAA				
manual_fix	SPNCRNA.214	ter1-m1	PMID:33378677	nucleotide_mutation	AATTTGG_813-820_TTAAACC				
manual_fix	SPNCRNA.214	ter1-m1,m3	PMID:33378677	nucleotide_mutation	AATTTGG_813-820_TTAAACC,TTT_823-825_CCC				
manual_fix	SPNCRNA.214	ter1-m1,m4	PMID:33378677	nucleotide_mutation	AATTTGG_813-820_TTAAACC,TTT_822-824_CTC,TGT_838-840_CTC,ACA_888-890_GAG				
manual_fix	SPNCRNA.214	ter1-m2	PMID:33378677	nucleotide_mutation	AAGGAA_882-887_TTCCTT				
manual_fix	SPNCRNA.214	ter1-m3	PMID:33378677	nucleotide_mutation	TTT_823-825_CCC				
manual_fix	SPNCRNA.214	ter1-m4	PMID:33378677	nucleotide_mutation	TTT_822-824_CTC,TGT_838-840_CTC,ACA_888-890_GAG				
manual_fix	SPNCRNA.82	mrp1-B7	PMID:8887563	nucleotide_mutation	A370G				
manual_fix	SPNCRNA.82	mrp1-E4	PMID:8887563	partial_nucleotide_deletion	130				
manual_fix	SPNCRNA.82	mrp1-LoopB	PMID:8948095	nucleotide_mutation	U339A,A340C,U343G				
manual_fix	SPNCRNA.82	mrp1-Pt1-2	PMID:8948095	nucleotide_mutation	U360A				
manual_fix	SPNCRNA.82	mrp1-Pt1-9	PMID:8948095	nucleotide_mutation	U359A,C356A				
manual_fix	SPNCRNA.82	mrp1-U359A	PMID:8948095	nucleotide_mutation	U359A				
manual_fix	SPNCRNA.82	mrp1-stem1	PMID:8948095	nucleotide_mutation	U101A,U102A,G103A,A104C				
manual_fix	SPNCRNA.9001	prt2-HomoID-like sequence mutant	PMID:29414789	nucleotide_mutation	A-61G,G-59A,T-58C,C-57T,A-56C,C-55A				
manual_fix	SPNCRNA.9001	prt2-TATA box mutant	PMID:29414789	nucleotide_mutation	T-38G,A-37C,T-36G,A-35C,T-34G,A-33C				
manual_fix	SPNCRNA.9001	prt2delta-1	PMID:29414789	partial_nucleotide_deletion	231 nt promoter and transcription start site deletion				
manual_fix	SPNCRNA.9001	prt2delta-2	PMID:29414789	partial_nucleotide_deletion	749 nt promoter and transcription start site deletion				
manual_fix	SPNCRNA.98	srp7-A162	PMID:8390662	nucleotide_mutation	A162				
manual_fix	SPNCRNA.98	srp7-A163C,C164A	PMID:2657742	nucleotide_mutation	A163C,G164A				
manual_fix	SPNCRNA.98	srp7-A163U,C169U6	PMID:1315954	nucleotide_mutation	A163U,C169U6				
manual_fix	SPNCRNA.98	srp7-BP-Comp	PMID:8390662	nucleotide_mutation	U157G,U158C,A165G,A166C				
manual_fix	SPNCRNA.98	srp7-C69A,U70C	PMID:1315954	nucleotide_mutation	C69A,U70C				
manual_fix	SPNCRNA.98	srp7-C69U,U70C	PMID:1315954	nucleotide_mutation	C69U,U70C				
manual_fix	SPNCRNA.98	srp7-G72A,G78A,G100A,G107A,Gl12A,G141A	PMID:1315954	nucleotide_mutation	G72A,G78A,G100A,G107A,Gl12A,G141A				
manual_fix	SPNCRNA.98	srp7-T(-5)C,T(-3)C,U88C	PMID:1315954	nucleotide_mutation	T(-5)C,T(-3)C,U88C				
manual_fix	SPNCRNA.98	srp7-T(-61)C,G(-75)C,U62C,U101C	PMID:1315954	nucleotide_mutation	T(-61)C,G(-75)C,U62C,U101C				
manual_fix	SPNCRNA.98	srp7-U101C	PMID:1315954	nucleotide_mutation	U101C				
manual_fix	SPNCRNA.98	srp7-U101C,A136C,G149C	PMID:1315954	nucleotide_mutation	U101C,A136C,G149C				
manual_fix	SPNCRNA.98	srp7-U101C,U140C	PMID:1315954	nucleotide_mutation	U101C,U140C				
manual_fix	SPNCRNA.98	srp7-U119C,U126C	PMID:1315954	nucleotide_mutation	U119C,U126C				
manual_fix	SPNCRNA.98	srp7-U12A,U13A,U47A	PMID:1315954	nucleotide_mutation	U12A,U13A,U47A				
manual_fix	SPNCRNA.98	srp7-U133C,A135C	PMID:1315954	nucleotide_mutation	U133C,A135C				
manual_fix	SPNCRNA.98	srp7-U142C	PMID:1315954	nucleotide_mutation	U142C				
manual_fix	SPNCRNA.98	srp7-U157G	PMID:8390662	nucleotide_mutation	U157G				
manual_fix	SPNCRNA.98	srp7-U157G,A165G	PMID:8382769,PMID:8390662	nucleotide_mutation	U157G,A165G				
manual_fix	SPNCRNA.98	srp7-U157G,U158C	PMID:8390662	nucleotide_mutation	U157G,U158C				
manual_fix	SPNCRNA.98	srp7-U158C	PMID:8390662	nucleotide_mutation	U158C				
manual_fix	SPNCRNA.98	srp7-U158C,A166C	PMID:8382769,PMID:8390662	nucleotide_mutation	U158C,A166C				
manual_fix	SPNCRNA.98	srp7-U167G	PMID:1315954	nucleotide_mutation	U167G				
manual_fix	SPNCRNA.98	srp7-U173C	PMID:1315954	nucleotide_mutation	U173C				
manual_fix	SPNCRNA.98	srp7-U24C,U45C,U62C,U119C,G144C	PMID:1315954	nucleotide_mutation	U24C,U45C,U62C,U119C,G144C				
manual_fix	SPNCRNA.98	srp7-U57C,U62C,U90C	PMID:1315954	nucleotide_mutation	U57C,U62C,U90C				
manual_fix	SPNCRNA.98	srp7-U70C	PMID:1315954	nucleotide_mutation	U70C				
manual_fix	SPNCRNA.98	srp7-U88G	PMID:1315954	nucleotide_mutation	U88G				
manual_fix	SPNCRNA.98	srp7-U88G,U133C,A135C	PMID:1315954	nucleotide_mutation	U88G,U133C,A135C				
manual_fix	SPNCRNA.98	srp7delta149	PMID:1315954	partial_nucleotide_deletion	149				
manual_fix	SPSNRNA.01	snu1-C7U,U8C	PMID:1617727	nucleotide_mutation	C7U,U8C				
manual_fix	SPSNRNA.01	snu1-U3A	PMID:8665408	nucleotide_mutation	U3A				
manual_fix	SPSNRNA.01	snu1-U3C	PMID:8665408	nucleotide_mutation	U3C				
manual_fix	SPSNRNA.01	snu1-U3C,C6A	PMID:8665408	nucleotide_mutation	U3C,C6A				
manual_fix	SPSNRNA.01	snu1-U3G	PMID:8665408	nucleotide_mutation	U3G				
manual_fix	SPSNRNA.01	snu1-U3G,C6G	PMID:8665408	nucleotide_mutation	U3G,C6G				
manual_fix	SPSNRNA.01	snu1-U4A	PMID:8665408	nucleotide_mutation	U4A				
manual_fix	SPSNRNA.01	snu1-U4G,C6U	PMID:8665408	nucleotide_mutation	U4G,C6U				
manual_fix	SPSNRNA.01	snu1-U8C	PMID:1617727	nucleotide_mutation	U8C				
manual_fix	SPSNRNA.01	snu1-U8G	PMID:1617727	nucleotide_mutation	U8G				
manual_fix	SPSNRNA.02	snu2-M1	PMID:10445882	nucleotide_mutation	CTTCTTCT187TACTAGTG				
manual_fix	SPSNRNA.02	snu2-M2	PMID:10445882	nucleotide_mutation	GTTGACAG195TACTAGTA				
manual_fix	SPSNRNA.02	snu2-M3	PMID:10445882	nucleotide_mutation	ATTTGTGA203GACTAGTC				
manual_fix	SPSNRNA.02	snu2-M4	PMID:10445882	nucleotide_mutation	CGCATGAAT211ATACTAGTC				
manual_fix	SPSNRNA.02	snu2-M5	PMID:10445882	nucleotide_mutation	TTGACAAC220GGACTAGT				
manual_fix	SPSNRNA.02	snu2-M6	PMID:10445882	nucleotide_mutation	ATTGGATGG228GACTAGTCC				
manual_fix	SPSNRNA.02	snu2-M7	PMID:10445882	nucleotide_mutation	TTTAGGAT237CGACTAGT				
manual_fix	SPSNRNA.03	snu3+41	PMID:20609363	nucleotide_mutation	GUG296ACA				
manual_fix	SPSNRNA.03	snu3+46	PMID:20609363	nucleotide_mutation	AA301UU				
manual_fix	SPSNRNA.03	snu3+50	PMID:20609363	nucleotide_mutation	UGU305ACA				
manual_fix	SPSNRNA.03	snu3+56	PMID:20609363	nucleotide_mutation	AA311UU				
manual_fix	SPSNRNA.04	snu4-4	PMID:1441744	nucleotide_mutation	TTTTG104ACGTC				
manual_fix	SPSNRNA.04	snu4-6	PMID:1441744	nucleotide_mutation	AAAACT87CCCGGG				
manual_fix	SPSNRNA.04	snu4-7	PMID:1441744	nucleotide_mutation	CGTAGT59GCATCG				
unnoticed		rad15-P					G45D		
unnoticed		skp1-A2					V102A		
unnoticed		skp1-A3					L113F		
unnoticed		prp10-E622D					E484D		
unnoticed		imp2-11A					T346A,S367A,T384A,S397A,S402A,T426A,S451A,T467A,S490A,S511A,T531A		
unnoticed		imp2-11E					T346E,S367E,T384E,S397E,S402E,T426E,S451E,T467E,S490E,S511E,T531E		
unnoticed		tsn1-S204stop					L188*		
unnoticed		tsn1-Y227stop					V211*		
unnoticed		tsn1-K106A					K90A		
unnoticed		cut1-474					R977Q,G1042D		
unnoticed		cut2-EA2					D127A,D129E		
unnoticed		cam1-D116					R117D		
unnoticed		cam1-E0					E33V,E69V,E106V,E142V		
unnoticed		cam1-E1					E69V,E106V,E142V		
unnoticed		cam1-E12					E106V,E142V		
unnoticed		cam1-E123					E142V		
unnoticed		cam1-E124					E106V		
unnoticed		cam1-E13					E69V,E142V		
unnoticed		cam1-E14					E69V,E106V		
unnoticed		cam1-E2					E33V,E106V,E142V		
unnoticed		cam1-E23					E33V,E142V		
unnoticed		cam1-E24					E33V,E106V		
unnoticed		cam1-E3					E33V,E69V,E142V		
unnoticed		cam1-E4					E33V,E69V,E106V		
unnoticed		cam1-F116					R117F		
unnoticed		cam1-S116					R117S		
unnoticed		mdn1-R4-2					mdn1-R4-1		
unnoticed		gtb1-K5A					K389A		
unnoticed		tsn1-W100A					W84A		
