systematic_id	allele_name	allele_description	reference	change_description_to	change_name_to	change_type_to	comment_on_change	add_synonym	add_comment
SPAC110.03	cdc42-GFP-N	GFP fused to N-terminus	PMID:25837586	GFP-cdc42	GFP-cdc42	fusion_or_chimera	GFP should be before the gene name if it is N-term tag
SPAC1486.05	nup189n-GFP	GFP fusion gene	PMID:24637836	nup98-GFP		fusion_or_chimera	better to indicate what it's meant by nup189n (I could not find the reference)
SPAC1565.06c	spg1-GFP	spg1-GFP fusion	PMID:20805322	spg1-GFP		fusion_or_chimera	
SPAC17H9.20	psc3-2CD	pcs3 fusion-C term chromodomain	PMID:18716626	lys1+::psc3-chp1(1-97)-chp1(1-97)		fusion_or_chimera	2x chp1 domains inserted, the wild type locus is still there
SPAC19G12.13c	poz1deltaNTD-GBP-wt	poz1deltaN fused to wild-type GBP	PMID:34255844	poz1delta(2-28)-GBP		fusion_or_chimera	
SPAC20G4.02c	fus1(Nt)-cdc12(1/2FH1)-cdc12(FH2)-fus1(Ct)	fus1(1-791)-cdc12(928-1390)-fus1(1278-1372),integrated at the endogenous locus instead of the native fus1	PMID:35673994	fus1delta::fus1(1-791)-cdc12(928-1390)-fus1(1278-1372)		fusion_or_chimera	
SPAC20G4.02c	fus1(Nt)-cdc12(1/2FH1)-fus1(FH2)-fus1(Ct)	fus1(1-791)-cdc12(928-972)-fus1(869-1372),integrated at the endogenous locus instead of the native fus1	PMID:35673994	fus1delta::fus1(1-791)-cdc12(928-972)-fus1(869-1372)		fusion_or_chimera	
SPAC20G4.02c	fus1(Nt)-cdc12(2FH1)-cdc12(FH2)-fus1(Ct)	fus1(1-791)-cdc12(882-972)-cdc12(882-1390)-fus1(1278-1372),integrated at the endogenous locus instead of the native fus1	PMID:35673994	fus1delta::fus1(1-791)-cdc12(882-972)-cdc12(882-1390)-fus1(1278-1372)		fusion_or_chimera	
SPAC20G4.02c	fus1(Nt)-cdc12(2FH1)-cdc12(FH2,E1168R)-fus1(Ct)	fus1(1-791)-cdc12(882-972)-cdc12(882-1390,E1168R)-fus1(1278-1372),with cdc12_E1168R mutation,integrated at the endogenous locus instead of the native fus1	PMID:35673994	fus1delta::fus1(1-791)-cdc12(882-972)-cdc12(882-1390,E1168R)-fus1(1278-1372),with cdc12_E1168R mutation		fusion_or_chimera	
SPAC20G4.02c	fus1(Nt)-cdc12(2FH1)-fus1(FH2)-fus1(Ct)	fus1(1-791)-cdc12(882-972)-cdc12(882-972)-fus1(869-1372),integrated at the endogenous locus instead of the native fus1	PMID:35673994	fus1delta::fus1(1-791)-cdc12(882-972)-cdc12(882-972)-fus1(869-1372)		fusion_or_chimera	
SPAC20G4.02c	fus1(Nt)-cdc12(2FH1)-fus1(FH2,R1054E)-fus1(Ct)	fus1(1-791)-cdc12(882-972)-cdc12(882-972)-fus1(869-1372),with fus1_R1054E mutation,integrated at the endogenous locus instead of the native fus1	PMID:35673994	fus1delta::fus1(1-791)-cdc12(882-972)-cdc12(882-972)-fus1(869-1372),with fus1_R1054E mutation		fusion_or_chimera	
SPAC20G4.02c	fus1(Nt)-cdc12(FH1)-cdc12(FH2)-fus1(Ct)	fus1(1-791)-cdc12(882-1390)-fus1(1278-1372),integrated at the endogenous locus instead of the native fus1	PMID:35673994	fus1delta::fus1(1-791)-cdc12(882-1390)-fus1(1278-1372)		fusion_or_chimera	
SPAC20G4.02c	fus1(Nt)-for3(FH1)-for3(FH2)-fus1(Ct)	fus1(1-791)-for3(718-1265)-fus1(1278-1372),integrated at the endogenous locus instead of the native fus1	PMID:35673994	fus1delta::fus1(1-791)-for3(718-1265)-fus1(1278-1372)		fusion_or_chimera	
SPAC20G4.02c	fus1(Nt)-fus1(2FH1)-fus1(FH2)-fus1(Ct)	fus1(1-868)-fus1(792-1372),integrated at the endogenous locus instead of the native fus1	PMID:35673994	fus1delta::fus1(1-868)-fus1(792-1372)		fusion_or_chimera	
SPAC20G4.02c	fus1(Nt)-fus1(FH1)-cdc12(FH2)-fus1(Ct)	fus1(1-868)-cdc12(973-1390)-fus1(1278-1372),integrated at the endogenous locus instead of the native fus1	PMID:35673994	fus1delta::fus1(1-868)-cdc12(973-1390)-fus1(1278-1372)		fusion_or_chimera	
SPAC20G4.02c	fus1-TR1 deleted	TR1 promoter box at -157 deleted	PMID:7791776	(-166)-(-158)	fus1-deltaTR1	partial_nucleotide_deletion	JPP6, deletes GAACAAAGAA
SPAC20G4.02c	fus1-TR2 deleted	TR2 promoter box at -238 deleted	PMID:7791776	(-249)-(-239)	fus1-deltaTR2	partial_nucleotide_deletion	JPP15, deletes TTCTTTGTTC
SPAC20G4.02c	fus1N-cdc12C	fus1N(1-792)-BamHIsite-cdc12C(888-1841),integrated at the endogenous locus instead of the native fus1	PMID:35673994	fus1delta::fus1(1-792)-BamHIsite-cdc12(888-1841)		fusion_or_chimera	"linker" could be used instead of BamHIsite, but it's quite self-explaining
SPAC20G4.02c	fus1N-for3C	fus1N(1-792)-BamHIsite-for3C(715-1461),integrated at the endogenous locus instead of the native fus1	PMID:35673994	fus1delta::fus1(1-792)-BamHIsite-for3(715-1461)		fusion_or_chimera	"linker" could be used instead of BamHIsite, but it's quite self-explaining
SPAC20G4.02c	pfus1:fus1N-cdc12deltaolig	fus1N(1-792)-BamHIsite-cdc12CΔolig(888-1451),expressed from the fus1 promotor at the ura4 locus	PMID:35673994	ura4+::P.fus1-fus1(1-792)-BamHIsite-cdc12(888-1451)		fusion_or_chimera	"linker" could be used instead of BamHIsite, but it's quite self-explaining
SPAC20G8.05c	cdc15-imp2(IDR) chimera	chimera	PMID:31509478	cdc15(1-312)-imp2(321-591)		fusion_or_chimera	
SPAC22G7.09c	nup45-GFP	GFP-fusion	PMID:24637836	nup45-GFP		fusion_or_chimera	
SPAC22H10.07	ral3-cor-C-GFP fusion	ral3-cor-C-GFP fusion	PMID:10574765	ral3-cor1(?-?)-GFP	ral3-cor-C-GFP	fusion_or_chimera			Unspecified fragment of cor1: "cor-C marker was found to represent a fragment of a novel non-essential gene, cor1+"
SPAC23C11.16	plo1-cnp3(fusion)	plo1-cnp3(fusion)	PMID:28497540	plo1-cnp3(384-642)	plo1-cnp3	fusion_or_chimera	
SPAC23C11.16	plo1-sid4C fusion	plo1-sid4C fusion	PMID:22438582	plo1-sid4(302-660)	plo1-sid4C	fusion_or_chimera	
SPAC23C4.12	hhp2-CD	swi6-CD fusion	PMID:20383139	hhp2-swi6(69-215)		fusion_or_chimera	
SPAC24H6.06	sld3deltaC-rad4	chimera sld3 aa 1-600 fused to rad4+	PMID:21593208	sld3(1-600)-rad4		fusion_or_chimera	
SPAC25B8.19c	loz1-426-522:mtfA-1-230	fusion: loz1 426-522 + A. Nidulans mtfA 1-230	PMID:24831008	loz1(462-522)-Anid\mtfA(1-230)	loz1(462-522)-mtfA(1-230)	fusion_or_chimera	
SPAC25B8.19c	pgk1DTATA-loz1-GFP	a Loz1-GFP fusion protein that is expressed from a derivative of the pgk1 promoter containing a deletion in the TATA box.	PMID:31515876		loz1+	wild_type	just an overexpression
SPAC25G10.03	zip1-GFP	GFP fusion	PMID:28388826	zip1-GFP		fusion_or_chimera	
SPAC2C4.14c	ppk11-delta8-pmo25-fusion	ppk11-delta8 fused to pmo25+	PMID:20826805	ppk11(305-312)-pmo25	ppk11-delta8-pmo25	fusion_or_chimera	
SPAC2F7.03c	Pom1-Cdr2C-GFP	fusion,ectopically localized	PMID:19474792	pom1-cdr2(252-352)-GFP	pom1-cdr2C-GFP	fusion_or_chimera	
SPAC2F7.03c	pom1C-PMT	chimera with PM localising TM	PMID:19474789	pom1(591-1087)-mid1(500-920)		fusion_or_chimera	
SPAC2F7.03c	pom1delta305N-cdr2C-chimera	Pom1delta305N fused to Cdr2 C-terminus	PMID:24316795	pom1delta(10-303)-cdr2(252-352)		fusion_or_chimera	
SPAC31G5.18c	hub1-AAKGG-sde2-C	hub1-AAKGG-sde2 fusion	PMID:28947618	hub1-(AAKGG)-sde2(85-263)		fusion_or_chimera	could use "linker", but aminoacids is more explicit
SPAC31G5.18c	hub1-GGKGG-sde2-C	hub1-GGKGG-sde2 fusion	PMID:28947618	hub1-(GGKGG)-sde2(85-263)		fusion_or_chimera	could use "linker", but aminoacids is more explicit
SPAC31G5.18c	ned8-AAKGG-sde2-C	ned8-AAKGG-sde2 fusion	PMID:28947618	ned8-(AAKGG)-sde2(85-263)		fusion_or_chimera	could use "linker", but aminoacids is more explicit
SPAC31G5.18c	ned8-GGKGG-sde2-C	ned8-GGKGG-sde2 fusion	PMID:28947618	ned8-(GGKGG)-sde2(85-263)		fusion_or_chimera	could use "linker", but aminoacids is more explicit
SPAC31G5.18c	ubi4-AAKAA-sde2-C	ubi4-AAKAA-sde2 fusion	PMID:28947618	ubi4-(AAKAA)-sde2(85-263)		fusion_or_chimera	could use "linker", but aminoacids is more explicit
SPAC31G5.18c	ubi4-GGKGG-sde2-C	ubi4-GGKGG-sde2 fusion	PMID:28947618	ubi4-(GGKGG)-sde2(85-263)		fusion_or_chimera	could use "linker", but aminoacids is more explicit
SPAC328.06	ubp2-NES	fused to nuclear exclusion signal	PMID:27151298	ubp2-NES		fusion_or_chimera	
SPAC4H3.11c	ppc89-DUB	DUB fusion	PMID:29975113	ppc89-ubp7(201-875)		fusion_or_chimera	
SPAC694.06c	mrc1(536-673):mrc(536-673)tandemfusion	two copies of aa 536-673 (i.e. also del aa 1-535,674-1019)	PMID:22024164	mrc1(536-673)-mrc1(536-673)	mrc1(536-673)-mrc(536-673)tandemfusion	fusion_or_chimera	
SPAC6F6.16c	Pmt3-tpz1(243-420)	Tpz1 amino acids 243-420 fused to SUMO	PMID:24925530	pmt3-tpz1(243-420)	pmt3-tpz1(243-420)	fusion_or_chimera	
SPAC890.02c	alp7+NLS	PKKKRKV-fused	PMID:19696784	alp7-SV40\NLS	alp7-NLS	fusion_or_chimera	
SPAP27G11.10c	nup184-GFP	GFP fusion gene	PMID:24637836	nup184-GFP		fusion_or_chimera	
SPBC106.01	mph1-delta(1-302)-mis12-fusion	mph1-delta(1-302)-kinetochore fusion	PMID:22825872	mph1delta(1-302)-mis12	mph1delta(1-302)-mis12	fusion_or_chimera	
SPBC106.01	mph1-mis12-fusion	kinetochore fusion	PMID:22825872	mph1-mis12	mph1-mis12	fusion_or_chimera	
SPBC106.01	mph1-ndc80-fusion	fusion	PMID:22184248	mph1-ndc80	mph1-ndc80	fusion_or_chimera	
SPBC1105.17	cnp1-tailswap	chimera N-tail swap cnp1 to H3	PMID:25619765	hht1(1-40)-cnp1(21-120)		fusion_or_chimera	
SPBC14C8.07c	cdc18-NLSdelta138	amino acids 1-138 deleted; T-antigen NLS fused to N-terminus	PMID:9177184	cdc18delta(1-138)-SV40\NLS		fusion_or_chimera	
SPBC14C8.07c	cdc18-NLSdelta183	amino acids 1-183 deleted; T-antigen NLS fused to N-terminus	PMID:9177184	cdc18delta(1-138)-SV40\NLS		fusion_or_chimera	
SPBC1604.20c	tea2-N(1-557)-GFP-myo52-C	tea2-N(1-557)-GFP-myo52-C(926-1516) (chimera)	PMID:22137473	tea2(1-557)-GFP-myo52(926-1516)	tea2N-GFP-myo52C	fusion_or_chimera	
SPBC1685.15c	Klp5N/klp6C chimera	N terminal domain substituted with klp5 Nterm	PMID:18799626	klp5(1-404)-Klp6(411-784)	klp5N/klp6C	fusion_or_chimera	
SPBC16A3.05c	GFP-rae1	GFP fusion gene	PMID:24637836	GFP-rae1		fusion_or_chimera	
SPBC16D10.09	EGFP-pcn1	Pcn1 fused to GFP	PMID:17304223	EGFP-pcn1		fusion_or_chimera		EGFP-PCNA
SPBC16D10.09	pcn1-HA-Ub-L-PCNA	HA,ubiquitin and 18-amino acid linker fused to Pcn1+ N-terminus	PMID:20452294	pcn1delta::HA-ubi1-(PGEGQGQGQGPGRGYAYRS)-pcn1	HA-ubi1-L-pcn1	fusion_or_chimera		HA-Ub-L-PCNA
SPBC16D10.09	pcn1-HA-Ub-PCNA	HA and ubiquitin fused to Pcn1+ N-terminus	PMID:20452294	pcn1delta::HA-ubi1-pcn1	HA-ubi1-pcn1	fusion_or_chimera		HA-Ub-PCNA
SPBC16D10.09	pcn1-HA-Ub-PCNA-K164R	HA and ubiquitin fused to Pcn1-K164R N-terminus	PMID:20452294	pcn1delta::HA-ubi1-pcn1-K164R	HA-ubi1-pcn1-K164R	fusion_or_chimera		HA-Ub-PCNA-K164R
SPBC16H5.11c	skb1-slf1-C-chimera	Skb1 with aa 451-485 of Slf1 fused to C-terminus	PMID:25009287	skb1-slf1(451-485)	skb1-slf1C	fusion_or_chimera	
SPBC1706.01	pcp89-tea4	pcp89-tea4 fusion protein	PMID:21703453	ppc89-GFP-(AGAGAG)-tea4	ppc89-GFP-tea4	fusion_or_chimera	
SPBC1706.01	tea4-pcp89 fusion	tea4N-pcp89 fusion protein	PMID:24554432	ppc89-GFP-(AGAGAG)-tea4	ppc89-GFP-tea4	fusion_or_chimera	
SPBC1706.01	tea4N-cdr2 fusion	tea4N-cdr2 fusion protein	PMID:24554432	cdr2(1-774)-GSlinker-GFP-(PGAGAGAGS)-tea4(1-521)	cdr2-tea4N	fusion_or_chimera	They are not the same construct, but they were used interchangeably, so they are synonyms in the genotype-phenotype sense	cdr2-GFP-tea4N,cdr2-CFP-tea4N,cdr2-mCherry-tea4N
SPBC17F3.02	nak1*-orb6	Nterm-GPF-Nak1-K39R-Orb6-Cterm fusion	PMID:20805322	GFP-nak1-K39R-orb6		fusion_or_chimera			expressed from pREP41-GFP-derived plasmid
SPBC17F3.02	nak1-orb6	Nterm-GPF-Nak1-Orb6-Cterm fusion	PMID:20805322	GFP-nak1-K39R-orb6		fusion_or_chimera			expressed from pREP41-GFP-derived plasmid
SPBC19G7.09	ulp1-lexA	Ulp1-LexA fusion	PMID:33159083	ulp1-lexA		fusion_or_chimera	
SPBC1A4.05	rga4delta622-760-blt1-fusion	rga4delta622-760-blt1-fusion	PMID:21849474	rga4delta(622-760)-blt1	rga4delta(622-760)-blt1	fusion_or_chimera	
SPBC244.01c	Sid4-Ppc89 fusion	C-term of ppc89	PMID:16775007	sid4(1-301)-ppc89(280-783)	sid4-ppc89	fusion_or_chimera	very similar to that of PMID:21131906, but not exactly the same
SPBC244.01c	sid4-DUB	DUB-fusion	PMID:29975113	sid4-ubp7(201-875)		fusion_or_chimera	
SPBC244.01c	sid4N-ppc89C	chimera	PMID:21131906	sid4(1-305)-ppc89(280-783)		fusion_or_chimera	very similar to that of PMID:16775007, but not exactly the same
SPBC25H2.13c	cdc20+-dpb2+	cdc20+-dpb2+ fusion	PMID:22718908	cdc20delta::cdc20-dpb2	cdc20-dpb2	fusion_or_chimera	
SPBC25H2.13c	cdc20-ct1-dpb2+	cdc20-ct1-dpb2+ fusion	PMID:22718908	cdc20delta::cdc20-Y1520N,D1625G,L1726S,S1904P-dpb2	cdc20-ct1-dpb2	fusion_or_chimera	
SPBC29A3.14c	trt1-PK-tpz1	trt1+-PK-tpz1+ fusion	PMID:25131669	trt1-9xPK-tpz1		fusion_or_chimera	
SPBC29A3.14c	trt1-PK-tpz1-K75A	trt1+-PK-tpz1-K75A fusion	PMID:25131669	trt1-9xPK-tpz1-K75A		fusion_or_chimera	
SPBC29A3.14c	trt1-PK-tpz1-L449A	trt1+-PK-tpz1-L449A fusion	PMID:25131669	trt1-9xPK-tpz1-L499A	trt1-PK-tpz1-L499A	fusion_or_chimera	typo in pombase
SPBC2D10.13	ccq1(1-441)-13xMyc-est1	Ccq1(1-441) fusion	PMID:29216371	ccq1(1-441)-13xMyc-est1		fusion_or_chimera	
SPBC2D10.13	ccq1(131-735)-13xMyc-est1	Ccq1(131-735) fusion	PMID:29216371	ccq1(131-735)-13xMyc-est1		fusion_or_chimera	
SPBC2D10.13	ccq1(T93A)-13xMyc-est1	Ccq1-T93A fusion	PMID:29216371	ccq1-T93A-13xMyc-est1	ccq1-T93A-13xMyc-est1	fusion_or_chimera	
SPBC2D10.13	ccq1-13xMyc-est1	Ccq1 fusion	PMID:29216371	ccq1-13xMyc-est1		fusion_or_chimera	
SPBC2F12.13	Klp6N/Klp5C chimera	N terminal domain substituted with klp6 Nterm	PMID:18799626	klp6(1-410)-Klp5(405-883)	klp6N/klp5C	fusion_or_chimera	
SPBC32H8.12c	GFP-act1	N-terminal GFP fusion	PMID:20587778	GFP-act1		fusion_or_chimera	
SPBC342.05	crb2(1-358)-LZ	del aa 359-778 fusion with C-terminal heterologous leucine zipper	PMID:22792081	crb2(1-358)-LZ		fusion_or_chimera			LZ stands for Leucine Zipper
SPBC3H7.15	hhp1-CD	swi6-CD fusion	PMID:20383139	hhp1-swi6(69-215)		fusion_or_chimera	
SPBC4F6.12	pxl1(N)-ppb1(fusion)	chimera Pxl1-1-257 fused to Ppb1	PMID:30332655	pxl1(1-257)-ppb1	pxl1N-ppb1	fusion_or_chimera	
SPBC649.05	cut12-hrs1 fusion	cut12-hrs1 fusion	PMID:22438582	cut12-hrs1	cut12-hrs1	fusion_or_chimera	
SPBC649.05	pcp-hrs1 fusion	pcp-hrs1 fusion	PMID:22438582	pcp1-hrs1	pcp1-hrs1	fusion_or_chimera	
SPBC6B1.09c	ctp1:nbs1-FHA/BRCT1-delta	fusion of Nbs1 aa 221-613 to Ctp1	PMID:19804756	nbs1delta::ctp1-linker-nbs1(221-613)		fusion_or_chimera	added synonym with more correct syntax	ctp1-nbs1-FHA/BRCT1-delta
SPBC713.02c	ubp15-NES	fused to nuclear exclusion signal	PMID:27151298	ubp15-NES		fusion_or_chimera	
SPBC725.13c	psf2-HBD	steroid hormone-binding domain fusion	PMID:19109429	psf2-HBD		fusion_or_chimera			The hormone binding sequence (HBD) comes from human ERalpha, cloned from plasmid pHCA/GAL4(848).ER (addgene:108215)
SPBP23A10.09	psf1-HBD	steroid hormone-binding domain fusion	PMID:19109429	psf1-HBD		fusion_or_chimera			The hormone binding sequence (HBD) comes from human ERalpha, cloned from plasmid pHCA/GAL4(848).ER (addgene:108215)
SPBP4H10.13	rps2302-GFP	GFP fusion	PMID:29083304	rps2302-GFP		fusion_or_chimera	
SPCC1322.12c	TetR-bub1-N700delta fusion	delta701-1044 (ectopic SAC)	PMID:31257143	TetR-bub1(1-700)	TetR-bub1-N700delta	fusion_or_chimera	
SPCC1322.12c	TetR-bub1-TPR fusion	TetR bub1-delta241-1044 (ectopic SAC)	PMID:31257143	TetR-bub1(1-240)	TetR-bub1-TPR	fusion_or_chimera	
SPCC1442.12	GFP-pps1	N-terminal GFP fusion	PMID:17905925	GFP-pps1		fusion_or_chimera	
SPCC1442.12	pps1-GFP	C-terminal GFP fusion	PMID:17905925	pps1-GFP		fusion_or_chimera	
SPCC1494.05c	ubp12-NES	fused to nuclear exclusion signal	PMID:27151298	ubp12-NES		fusion_or_chimera	
SPCC16A11.17	mcm4td	N-terminus of Mcm4 fused to DHFR degron	PMID:11854402	Ub-DHFRts-mcm4		fusion_or_chimera		mcm4-td	temperature-inducible degron
SPCC18B5.11c	cds1-D312E-FKBP-Cds1cat	fusion- FKBP:Cds1-D312E,150-460	PMID:16618806	FKBP-cds1(150-460)-D312E	FKBP-cds1cat-D312E	fusion_or_chimera	
SPCC18B5.11c	cds1-FKBP-Cds1cat	fusion-FKBP:Cds1(150-460)	PMID:16618806	FKBP-cds1(150-460)	FKBP-cds1cat	fusion_or_chimera	
SPCC18B5.11c	cds1-rad26	cds1-rad26 fusion	PMID:15173168	cds1delta::cds1-rad26	cds1-rad26	fusion_or_chimera	
SPCC1919.10c	Tea2N-CFP-Myo52C	fusion of Tea2 N-terminal motor domain,CFP,and Myo52 C-terminal domain	PMID:22768263	tea2(1-557)-CFP-myo52(926-1516)	tea2N-CFP-myo52C	fusion_or_chimera	coordinates from PMID:22137473
SPCC338.08	ctp1-N-MBP	MBP fused to Ctp1 C-terminus	PMID:30626735	MBP-ctp1	MBP-ctp1	fusion_or_chimera	error in PomBase: "the fusion of the bulky MBP protein to the Ctp1 N terminus (N-MBP)".		MBP stands for maltose-binding protein
SPCC645.05c	N-degron:myo2+	Myo2+ fused to DHFR degron	PMID:21422229,PMID:30928696	Ub-DHFRts-myo2		fusion_or_chimera		degron-myo2
SPCC645.05c	myo2(myp2-Head)	myo2(myp2-Head)-chimera	PMID:16148042			fusion_or_chimera	
SPCC645.05c	myo2(myp2-Tail)	myo2(myp2-Tail)-chimera	PMID:16148042			fusion_or_chimera	
SPBC36.12c	git7-GFP	git7-GFP	PMID:12456004			fusion_or_chimera	
SPAC18G6.15	mal3-GFP	C-terminal tag GFP	PMID:15062095	mal3-GFP		fusion_or_chimera	
SPBC30D10.10c	tor1-N-termGFP	N-term GFP tagged	PMID:18076573	GFP-tor1	GFP-tor1	fusion_or_chimera	
SPBC1105.17	cnp1(GFP-N)	GFP-N	PMID:18077559	GFP-cnp1	GFP-cnp1	fusion_or_chimera	
SPBC14C8.16c	bot1-GFP	GFP tagged bot1	PMID:18245278	bot1-GFP		fusion_or_chimera	
SPAC110.03	cdc42-mCherrySW-psy1TM	replacement of prenylation CAAX box with transmembrane domain	PMID:25837586	cdc42(1-134)-linker-GFP-linker-cdc42(135-188,193-195)-psy1(248-284)		fusion_or_chimera			Prenilation box CAAX missing from Cdc42, SW stands for sandwich, TM is the transmembrane domain of psy1
SPAC110.03	cdc42-mCherrySW-ritC	replacement of prenylation CAAX box with amphipathic helix	PMID:25837586	cdc42(1-134)-linker-GFP-linker-cdc42(135-188,193-195)-ritC		fusion_or_chimera			Prenilation box CAAX missing from Cdc42, SW stands for sandwich, ritC is the "amphipathic helix of a heterologous mammalian protein Rit, previously shown to efficiently localize to the plasma membrane but not to endomembrane systems"
SPBC577.06c	stt4(N-GFP)	N-terminal tag	PMID:28784611	GFP-stt4	GFP-stt4	fusion_or_chimera	
SPAC1006.08	41X-GFP-etd1	Overexpression of GFP-etd1	PMID:29813053		etd1+	wild_type	could be treated as an overexpression of the wt product, since no etd1+ overexpression to compare with
SPAC1006.08	Overexpression of etd1-D9	41X-GFP-etd1-D9		1-400	etd1-D9	partial_amino_acid_deletion	could be treated as an overexpression of the wt product, since no etd1+ overexpression to compare with
SPAC20G8.05c	cdc15-GFP	Hypomorphic Cdc15	PMID:29813053	cdc15-GFP		fusion_or_chimera	
SPCC550.13	dfp1-CFP-2CD	centomere tethered	PMID:31000521	dfp1-CFP-swi6(69-215)-swi6(69-215)		fusion_or_chimera			2CD for 2 ChromoDomains of swi6
SPAC644.06c	mEGFP-cdr1(delta460-482)	mEGFP=cdr2 binding peptide	PMID:31644361			fusion_or_chimera	
SPAC25G10.07c	cut7-GFP	C-ter tag GFP	PMID:32327557	cut7-GFP		fusion_or_chimera	
SPAC3A11.14c	pkl1-3xGFP	C-ter tag 3xGFP	PMID:32327557	pkl1-3xGFP		fusion_or_chimera	
SPAC1687.20c	mis6-GFP	GFP-C	PMID:34849791	mis6-GFP		fusion_or_chimera	
SPAC16A10.05c	dad1-GFP	GFP-C	PMID:34849791	dad1-GFP		fusion_or_chimera	
SPBC1105.17	cnp1-GFP	GFP-C	PMID:34849791	cnp1-GFP		fusion_or_chimera	
SPBC11C11.03	ndc80-GFP	GFP-C	PMID:34849791	ndc80-GFP		fusion_or_chimera	
SPBC1861.01c	cnp3-GFP	GFP-C	PMID:34849791	cnp3-GFP		fusion_or_chimera	
SPBC409.04c	mis12-GFP	GFP-C	PMID:34849791	mis12-GFP		fusion_or_chimera	
SPCC1020.02	spc7-GFP	GFP-C	PMID:34849791	spc7-GFP		fusion_or_chimera	
SPCC338.17c	rad21-GFP	GFP-C	PMID:34849791	rad21-GFP		fusion_or_chimera	
SPBC14C8.17c	sep9-307	nt_1067delta,aa353->stop	PMID:10392445,PMID:19473263	1067		partial_nucleotide_deletion	Position 1067 matches codon 340 in the text
SPAC24H6.05	cdc25-d1	5'UTRdel	PMID:10462529,PMID:28479325	(-822)-(-7)		fusion_or_chimera	
SPBC4.04c	mcm2-M9+NLS	mcm2-M9+NLS	PMID:10588642	(mcm2-R7E,R9D)-NLS		fusion_or_chimera	
SPCC16A11.17	mcm4-tstd	N-terminus of Mcm4/cdc21-M68 fused to DHFR degron	PMID:11854402,PMID:12972571,PMID:18180284,PMID:32341083	Ub-DHFRts-mcm4		fusion_or_chimera			ts degron
SPAC4D7.05	sum1-ts	sum1+ with N-terminal 3xHA tagged	PMID:12006658	3xHA-sum1		fusion_or_chimera	
SPBC685.09	orp2-3HA	orc2+ with 3 x HA epitope at C terminus	PMID:12419251	orc2-3HA	orc2-3HA	fusion_or_chimera	
SPBC3H7.01	spo14-B221	5th intron branch point CTAAT->CTAAA	PMID:12631727,PMID:18550796,PMID:3442824,PMID:8203159	T1161A		nucleotide_mutation	
SPBC660.07	ntp1-CRE-like promoter mutant	TGACGTAG mutated to TGACcTAG	PMID:12855726,PMID:15164362	G(-574)C	ntp1-CRE-like-promoter	fusion_or_chimera	
SPBC1347.10	cdc23-tstd	degron(DHFR),C239Y	PMID:12972571,PMID:15941470	Ub-DHFRts-cdc23-C239Y		fusion_or_chimera			ts degron
SPNCRNA.98	srp7-A146U,G159U,delta148-150	A146U,G159U,nt148-150 deletion	PMID:1315954	A146U,G159U,148-150		nucleotide_deletion_and_mutation	
SPNCRNA.98	srp7-C180U,omega176U	C180U,U inserted after nt 176	PMID:1315954	C176-T,C180T		nucleotide_deletion_and_mutation	
SPNCRNA.98	srp7-U88G,delta84-88,omega131nt	U88G,nt84-88 deletion,131 nucleotides inserted after nt83	PMID:1315954	84-87,T88G,C83-131nucleotides		other	
SPNCRNA.98	srp7-U88G,delta84-88,omega8nt	U88G,nt84 deletion,8 nucleotides inserted after nt83	PMID:1315954	C83-GCTGCAGC,84,T88G		nucleotide_insertion_and_mutation	
SPNCRNA.98	srp7-U88G,omegaUCGA	U88G,UCGA inserted after nt84	PMID:1315954	T84-UCGA,T88G		nucleotide_insertion_and_mutation	
SPBC660.07	ntp1-MVP14	HSE1 promoter mutant GAAGGAAACGGAA->AAAGAAAACGAAA	PMID:15164362	GAAGGAAACGGAA-(-159)-AAAGAAAACGAAA		fusion_or_chimera	
SPBC660.07	ntp1-MVP15	HSE2 promoter mutant TTCGTGAATAGGAA->TTTGTAAATAGAAA	PMID:15164362	TTCGTGAATAGGAA-(-105)-TTTGTAAATAGAAA		fusion_or_chimera	
SPBC660.07	ntp1-MVP5	605 bp promoter deletion	PMID:15164362	(-1091)-(-486)		fusion_or_chimera	
SPBC660.07	ntp1-MVP7	464 bp promoter deletion	PMID:15164362	(-1091)-(-627)		fusion_or_chimera	
SPBC336.04	pol3-T2	TEV cleavage site S979	PMID:15173383	cdc6(1-979)-(ENLYFQS)-cdc6(980-1086)		fusion_or_chimera			TEV protease linker
SPBC1734.02c	cdc27-R39	nt 807-828 duplicated; translated product has aa 1-179 plus 4 aa from different reading frame	PMID:15576681	A837-TCGACAATCGATAAGACTGACA		nucleotide_insertion	
SPBC1734.02c	cdc27-R5	nt 930-1102 duplicated; translated product has aa 1-271 plus 24 aa from different reading frame	PMID:15576681	T1101-CATAAAGAAAAGGAGCCTCTCTTGCCAAAGGAGGAGAAGTTGTCTGAGCAAGCAAAGAGAGAGCGCGATGATCTGAAAAATATTATGCAGCTAGAAGATGAATCAGTATCTACCACTAGCGTTCACGATTCTGAAGATGATAATTTAGATTCTAATAATTTCCAATTGGAAAT		nucleotide_insertion	
SPBC336.04	cdc6-R37	2903-GAAAAA GCTAGCTCTTTACTTCA	PMID:15576681	A2955-AAAAGCTAGCTCTTTACTTCATGGTGA		nucleotide_insertion	
SPBC1347.10	cdc23-S424::TEV	AA424::TEV	PMID:15941470	cdc23(1-424)-(ENLYFQGAS)-cdc23(425-593)		fusion_or_chimera			TEV protease linker
SPBC29A10.14	rec8(TEV)	rec8-AA362::TEV	PMID:16325576	rec8(1-361)-(ENLYFQGAS)-rec8(362-561)		fusion_or_chimera			TEV protease linker
SPBC21C3.20c	git1-1	frameshift F995	PMID:16489217,PMID:1849107,PMID:2157626,PMID:8001792,PMID:8227198	T2986-T		fusion_or_chimera	
SPBC216.02	mcp5-PHdelta	PHdelta	PMID:16585273	801-968		partial_amino_acid_deletion	
SPBC216.02	mcp5deltaC	deltaC	PMID:16585273	1-298		partial_amino_acid_deletion	
SPBC365.15	NES-alp4-C(566-784)	NES-alp4-C(566-784)	PMID:16611237	NES-alp4(566-784)		fusion_or_chimera	
SPBC365.15	NLS-alp4-C(566-784)	NLS-alp4-C(566-784)	PMID:16611237	NLS-alp4(566-784)		fusion_or_chimera	
SPAC27D7.03c	mei2-NLS	C-terminal PPTASKC replaced with PPKKKRKVCRP (contains NLS)	PMID:16823445	mei2(1-745)-(KKKRKVCRP)		fusion_or_chimera	
SPBC29A10.02	spo5-C	N terminal region deleted	PMID:16896214	1-288		partial_amino_acid_deletion	
SPAC24H6.05	cdc25-dF1234	4 FLEX promoters deleted	PMID:17804800	(-1249)-(-1243),(-1157)-(-1163),2117-2123,2587-2593		partial_nucleotide_deletion	
SPAC19D5.01	pyp2-no UTRs	deleted 5' and 3' UTRs	PMID:17952063	(-157)-(-1),2137-2380		partial_nucleotide_deletion	
SPBC32C12.02	ste1-promoter(deltaFLEX1)	flex1delta	PMID:18059475	(-1730)-(-1724)		partial_nucleotide_deletion	
SPBC14C8.16c	bot1-Myc	Myc tagged bot1	PMID:18245278	bot1-Myc		fusion_or_chimera	
SPBC1105.17	cnp1-FH	cnp1+-C:3xFLAG:6His	PMID:18493607	cnp1-3xFLAG-3xHisTag		fusion_or_chimera	
SPBP35G2.03c	sgo1-VE-CD	sgo1-VE-CD ectopically centromere localised	PMID:18716626	(sgo1-VE)-swi6(69-215)		fusion_or_chimera	
SPAP8A3.08	cdc4-M1M2	UCUU motif mutant	PMID:19279143	TCTT-504-AGCC,TCTT-677-CCTC		nucleotide_mutation	
SPAC23H4.14	vam6-532	splice site mutant	PMID:19366728			fusion_or_chimera			cannot fix
SPAC3F10.04	gsa1-MN101	nucleotide 7 deleted,nucleotide G879 mutated to A	PMID:1958212,PMID:2894829,PMID:8914526,PMID:9291132	7,G878A		nucleotide_deletion_and_mutation	
SPAC2G11.08c	tdSMN	temperature-degron allele	PMID:20400941,PMID:23221635,PMID:24298023,PMID:31927482	Ub-DHFRts-smn1		fusion_or_chimera	
SPBC32C12.02	ste11-D5'-UTR	2137 OF 2181 5' UTR deleted	PMID:20605454	(-2141)-(-4)		partial_nucleotide_deletion	
SPCC962.02c	bir1-8D-CD	8d+kinetochore targeted	PMID:20739936	bir1-CFP-swi6(69-215)		fusion_or_chimera	
SPAC14C4.03	mek1-FHAD	lacks FHA domain function	PMID:21084840	65-129		partial_amino_acid_deletion	
SPCC4G3.05c	mus81-9myc	myc tagged	PMID:21084840	mus81-9xMyc		fusion_or_chimera	
SPAC144.13c	srw1-MutPste9	mutated promoter region	PMID:21118960	AAAGTGCATTACCCTTCCCGGTTTCTC-(-198)-CCCGGTACCGCAAAGGAAATTGGGAGC		nucleotide_mutation	
SPBC146.13c	myo1-IQ1	IQ domain 1	PMID:21693583	I730A,Q731A	myo1-IQ1-AA	amino_acid_mutation	
SPBC146.13c	myo1-IQ2	IQ domain 2	PMID:21693583	I748A,Q749A	myo1-IQ2-AA	amino_acid_mutation	
SPBC12C2.05c	bzz1-deltaSH3	deltaSH3	PMID:21885283	586-642		partial_amino_acid_deletion			Deleted residues might be slightly different, but this is how SH3 domains are defined in Fig. 3C,D legend.
SPBC12C2.05c	bzz1-deltaSH3deltaSH3	deltaSH3x2	PMID:21885283	521-642		partial_amino_acid_deletion			Deleted residues might be slightly different, but this is how SH3 domains are defined in Fig. 3C,D legend.
SPBC146.13c	myo1-delta23A	deltaTH3&Amotif	PMID:21885283	967-1217		partial_amino_acid_deletion			Deleted TH2-SH3-LCA domains at the C-term. Deleted residues not documented in the paper, but mentioned in methods here https://www.biorxiv.org/content/10.1101/389015v1.full
SPAC3G9.01	nsk1-18A	18 S/T->A	PMID:22065639	S71A,S103A,S113A,S140A,S171A,S195A,S206A,S221A,S236A,T240A,T255A,S257A,S289A,S344A,S379A,S399A,T411A,T437A		amino_acid_mutation	
SPCC1795.06	P-factorDeltaLeu	terminal leu residue deleted	PMID:22500108	88,156		partial_amino_acid_deletion			This annotation represents the addition of the modified peptide to the medium, but the genome of the strains was not modified. For now we capture it as deletion of those residues in the protein sequence.
SPNCRNA.103	sme2-m	TATA box mutant	PMID:22582262,PMID:24920274	NC_003423.3:g.33962T>C,NC_003423.3:g.33960T>C,NC_003423.3:g.33955T>C,NC_003423.3:g.33950A>G		nucleotide_mutation	
SPAC664.01c	swi6+SV40NLS	SV40 NLS added at N-terminus	PMID:22683269	SV40\NLS-swi6		fusion_or_chimera	
SPAC664.01c	swi6-KR25A+SV40NLS	K143A,R144A,K145A,R146A,R149A,K151A,K152A,K156A,K161A,R163A,K164A,K169A,K172A,K177A,K184A,K187A,K191A,K217A,K222A,K241A,K242A,K243A,K251A,R256A,K261A,with SV40 NLS added at N-terminus	PMID:22683269,PMID:26438724	SV40\NLS-swi6(K143A,R144A,K145A,R146A,R149A,K151A,K152A,K156A,K161A,R163A,K164A,K169A,K172A,K177A,K184A,K187A,K191A,K217A,K222A,K241A,K242A,K243A,K251A,R256A,K261A)		fusion_or_chimera	
SPCC4B3.15	mid1-NES-delta1-150	NES-delta1-150	PMID:22918954	1-68,82-149	NES-mid1-delta1	partial_amino_acid_deletion			69-81 of mid1 is its NES
SPBP8B7.28c	TetR-stc1	TetR-stc1(ectopic chromatin tether)	PMID:23613586			fusion_or_chimera	
SPBP8B7.28c	TetR-stc1-C(1-126)	TetR-stc1-C(1-126) (ectopic chromatin tether)	PMID:23613586	TetR-stc1delta(1-126)	TetR-stc1-C	fusion_or_chimera	
SPBP8B7.28c	TetR-stc1-D1A(D127A,D129A,D130A)	TetR-stc1-D1A (ectopic chromatin tether)	PMID:23613586	TetR-stc1-D127A,D129A,D130A		fusion_or_chimera	
SPBP8B7.28c	TetR-stc1-D2A(D144A,D145A,D147A,D149A,D150A,D151A)	TetR-stc1-D2A (ectopic chromatin tether)	PMID:23613586	TetR-stc1(D144A,D145A,D147A,D149A,D150A,D151A)		fusion_or_chimera	
SPBP8B7.28c	TetR-stc1-D3A(D166A,D167A,D170A,D173A)	TetR-stc1-D3A (ectopic chromatin tether)	PMID:23613586	TetR-stc1(D166A,D167A,D170A,D173A)		fusion_or_chimera	
SPBP8B7.28c	TetR-stc1-D4A(D192A,D193A,D194A,D195A,D197A,E198A,D199A)	TetR-stc1-D4A (ectopic chromatin tether)	PMID:23613586	TetR-stc1(D192A,D193A,D194A,D195A,D197A,E198A,D199A)		fusion_or_chimera	
SPBP8B7.28c	TetR-stc1-deltaC(126-215)	TetR-stc1-deltaC(126-215) (ectopic chromatin tether)	PMID:23613586	TetR-stc1delta(127-215)	TetR-stc1-deltaC	fusion_or_chimera	
SPBP8B7.28c	TetR-stc1-deltaZF1(32-84)	TetR-stc1-deltaZF1(32-84) (ectopic chromatin tether)	PMID:23613586	TetR-stc1delta(32-84)	TetR-stc1-deltaZF1	fusion_or_chimera	
SPBP8B7.28c	TetR-stc1-deltaZF1+2(32-126)	TetR-stc1-deltaZF1+2(32-126) (ectopic chromatin tether)	PMID:23613586	TetR-stc1delta(32-126)	TetR-stc1-deltaZF1+2	fusion_or_chimera	
SPBP8B7.28c	TetR-stc1-deltaZF2(89-126)	TetR-stc1-deltaZF2(89-126) (ectopic chromatin tether)	PMID:23613586	TetR-stc1delta(89-126)	TetR-stc1-deltaZF2	fusion_or_chimera	
SPCC895.07	alp14-KTdelta	TEVcleavable	PMID:23770679			fusion_or_chimera			N-terminal part of the protein including both TOG domains is connected to the rest through a tev-cleavable domain. Cannot determine the domains from the info in the paper
SPCC1442.04c	SPCC1442.04c-int2delta	intron 2 deletion	PMID:24210919			fusion_or_chimera			Cannot annotate with current genome sequence, only one intron present.
SPBC3D6.04c	mad1-RLK/AAA-KT-tethered	KT-tethered	PMID:24477934	mis12-mad1-RLK-580-AAA		fusion_or_chimera	
SPNCRNA.103	sme2-DSRless	all hexanucleotide DSR motifs except the most upstream one disrupted by substituting TNAAAC with TNAAGC	PMID:24920274	A1274G,A1467G,A1485G,A1501G,A1527G,A1538G,A1551G,A1560G		nucleotide_mutation	
SPAC23C11.16	plo1-TEVAA341	TEVAA341	PMID:25533956,PMID:28497540	plo1(1-341)-(ENLYFQGAS)-plo1(342-405)-(ENLYFQGAS)-plo1(406-683)		fusion_or_chimera			ENLYFQGAS is the TEV protease cleavage site
SPBP4H10.15	aco2-MTS+ribosomal domain	mitochondrially targeted ribosomal domain	PMID:25724335	aco2(1-56,807-889,897-918)	aco2RDΔNLS	partial_amino_acid_deletion	
SPCC338.08	ctp1-5	frameshift at W288 truncating at position 292	PMID:26130711	1-288		nucleotide_insertion			It's actually a non-specified frameshift, but the paper does not indicate whether / which nucleotide is inserted / removed after W288.
SPAC1486.05	nup189(unspliced-uncleavable)	ntG2970A,ntT2973C,ntA3033T,aaS965A	PMID:26137436			fusion_or_chimera			Not clear how to fix with frameshift genome correction.
SPAC1486.05	nup98-tail(uncleavable)	Nup98 portion of Nup189,plus 33aa tail,with S965A mutation	PMID:26137436			fusion_or_chimera			Not clear how to fix with frameshift genome correction.
SPCC306.04c	set1-F	C-terminal FLAG tag. No H3K4me activity	PMID:27343236	set1-3xFLAG		fusion_or_chimera		set1-3xFLAG
SPCC306.04c	set1-RMM2D	RRM2 domain delta	PMID:27343236			fusion_or_chimera			No info on domain coordinates
SPCC306.04c	set1-SET	SET domain delta	PMID:27343236			fusion_or_chimera			No info on domain coordinates
SPAC227.07c	pab1-1	nucleotides 673-684 duplicated; inserts amino acids TEVI after I228	PMID:27398807	I228-TEVI		amino_acid_insertion	
SPBC3D6.03c	trz2(promoter--110--54,G-102C,T-99A)	-110--54,G-102C,T-99A	PMID:27902423	(-110)-(-54),G(-102)C,T(-99)A		fusion_or_chimera	
SPCC1020.02	TetR-spc7(1-666)-9TA	TetR-667-1364,T257A,T338A,T366A,T395A,T422A,T453A,T507A,T529A,T552A	PMID:28017606	TetR-spc7(1-666)-T257A,T338A,T366A,T395A,T422A,T453A,T507A,T529A,T552A		fusion_or_chimera	
