systematic_id	allele_name	allele_description	change_description_to	change_name_to	change_type_to	comment
SPAC1006.09	win1KM	L1149M	K1149M			
SPAC1093.06c	dhc1-P1	L1896T	K1896T			
SPAC10F6.09c	psm3-3B	E1128Q	E1126Q			
SPAC110.03	cdc42-D118A,C198S	D118A,C198S	D118A,C189S	cdc42-D118A,C189S		typo in paper
SPAC110.03	cdc42-G12V,C198S	G12V,C198S	G12V,C189S	cdc42-G12V,C189S		typo in paper
SPAC12G12.13c	cid14-DADA	D298A,D230A	D298A,D300A			
SPAC13C5.03	tht1-N163D	N163D	N129D			
SPAC13C5.03	tht1-N372D	N372D	N338D			
SPAC13C5.07	mre11-CV497RR	CV497RR	CV-479-RR			typo in pombase
SPAC13C5.07	mre11-P39S	P39S	P93S			typo in pombase
SPAC13C5.07	mre11-T517I	C1550T	T517I		amino_acid_mutation	
SPAC13C5.07	rad32-1	G403A	D135N		amino_acid_mutation	
SPAC1486.05	nup189(unspliced)	G2970A,T2973C,A3033T	G2969A,T2972C,A3032T			
SPAC14C4.01c	atg43-deltaAIM	A28A,A29A	Y28A,I31A			
SPAC14C4.01c	atg43-deltaC60-GFP	1-184delta,Mt tethered	184-244			
SPAC1556.01c	rad50-K1195A	K1195A	R1195A	rad50-R1195A		
SPAC1556.01c	rad50-K1195E	K1195E	R1195E	rad50-R1195E		
SPAC1565.08	cdc48-10 (R764C)	C2346T	R758C		amino_acid_mutation	
SPAC1565.08	cdc48-5 (N558I)	A1729T	N552I		amino_acid_mutation	
SPAC1565.08	cdc48-6 (A586V)	C1813T	A580V		amino_acid_mutation	
SPAC1565.08	cdc48-7 (E731D)	G2249T	E725D		amino_acid_mutation	
SPAC1565.08	cdc48-8 (E325K)	G1029A	E319K		amino_acid_mutation	
SPAC17G6.17	pof8-65A69	P65A,I66A,N67A,P68A,D69A	P65A,L66A,N67A,P68A,D69A			
SPAC17G6.17	pof8-F179E,V198E	F179E,V198E	F197E,V198E	pof8-F197E,V198E		
SPAC17G8.10c	dma1deltaRF	191-269	191-268			
SPAC19A8.08	upf2-4GH1,2	Y545A,E548A,Y748A,E751A	Y545A,E548A,F748A,E751A			
SPAC19A8.08	upf2-4GH2	Y748A,E751A	F748A,E751A			
SPAC19E9.02	fin1-3A	S337A,S526A,S698A	S377A,S526A,S698A			
SPAC19G12.10c	cpy1(C575T)	C575T	C627T			
SPAC20G8.05c	cdc15-S11A	S11A	S332A,S353A,S357A,S361A,S408A,S443A,S511A,S702A,S732A,S774A,S840A			
SPAC222.12c	atp2-R4-3	Q170Y	Q214Y			confusing text
SPAC227.13c	isu1-D37A	D37A	D90A			https://link.springer.com/article/10.1007/s007750050361
SPAC227.18	lys3-37	G32088A	E329K		amino_acid_mutation	
SPAC22F3.09c	res2-G1	ntG16590A	G78E			
SPAC22F3.09c	res2-J3	ntG16597A	W80*		nonsense_mutation	
SPAC22G7.06c	ura1-61	ntG16857A	W823*		nonsense_mutation	
SPAC23C4.03	hrk1-V19E	V19E	V91E	hrk1-V91E		pombase typo
SPAC23C4.05c	les1(1-291)	C-terminal truncation 292-431	292-431			
SPAC23C4.18c	rad4-F305S	F305S	F303S			Figures rightly labelled, text wrong
SPAC23C4.18c	rad4-F305S-E368K	F305S-E368K	F303S,E368K			Figures rightly labelled, text wrong
SPAC24B11.06c	sty1-KA	K153A	K49R			
SPAC24B11.11c	sid2-K38R	K38R	K237R	sid2-K238R		pombase typo + one-shift error, the reference sequence they cite is from https://pubmed.ncbi.nlm.nih.gov/9649519/
SPAC24H6.06	sld3-4A698	T636A,T650A,S673A,S690A	T636A,T650A,S673A,T690A			
SPAC24H6.06	sld3-9A	S140A,T201A,T228A,S449A,T636A,T650A,S673A,T690A,S698A	S140A,T201A,T228A,S499A,T636A,T650A,S673A,T690A,S698A			
SPAC24H6.06	sld3-N4A	S140A,T201A,T228A,S449A	S140A,T201A,T228A,S499A			
SPAC27D7.03c	mei2-F644A,Y645V	F644A,Y645V	F644A,I645V			
SPAC27E2.05	cdc1-E2	Q27->GVPK-stop	26-GVPK,Q27*		other	
SPAC27F1.09c	prp10-H662Q	H662Q	H524Q			
SPAC27F1.09c	prp10-K666N	K666N	R528N			
SPAC27F1.09c	prp10-K700E	K700E	K562E			
SPAC2G11.08c	smn1-A134E	A130E	A134E			
SPAC2G11.12	rqh1-h2	ntC28520T	Q790*		nonsense_mutation	
SPAC343.17c	wdr70-DWD	W325A,D326A			amino_acid_mutation	
SPAC3H5.06c	pol1-L850F	L805F	L850F			
SPAC3H5.06c	swi7-1	G1116E			amino_acid_mutation	
SPAC3H8.06	aur1-18	T13777C	L264P		amino_acid_mutation	
SPAC458.04c	dli1-FARA	F163A,R169A	F197A,R203A			simulated with primers
SPAC4A8.11c	fas2-H265	Q4Y	E4Y			
SPAC4G9.08c	rpc2-T455I	T455I	T466I			
SPAC630.14c	tup12-N(67-271)	1-66,272-586	51-255			They seem to have used complement(join(374683..375830,376094..376446,376844..376931,376993..377164)), from pre-svn folder 2011-03-24
SPAC688.11	end4delta-talin	delta talin	904-1102			
SPAC688.11	end4delta-talin-GFP	delta talin GFP	904-1102			
SPAC694.06c	mrc1-S604A,S673A	S604A,S673A	S604A,S637A			pombase typo
SPAC6F12.17	rna14-11	R316Q			amino_acid_mutation	
SPAC6G9.06c	pcp1-14	K848R,L1187P	K846R,L1187P			
SPAC767.01c	vps1-K42A	K42A	K40A			cerevisiae coordinates
SPAC7D4.04	atg11(522-552)-LZ	522-552-LZ motif	atg11(522-552)-LZ		fusion_or_chimera	
SPAC7D4.04	atg11(522-583)-LZ	522-583-LZ motif	atg11(522-583)-LZ		fusion_or_chimera	
SPAC7D4.04	atg11(532-583)-LZ	532-583-LZ motif	atg11(532-583)-LZ		fusion_or_chimera	
SPAC821.11	pro1-1	ntG30304A	G392D			
SPAC890.02c	alp7-L461A	L641A	L461A			typo in pombase
SPAC8F11.06	brr6.ts8	C192G	C194G			
SPAC926.09c	fas1-AT	A1384T			amino_acid_mutation	
SPAC926.09c	fas1-AV	A1384V			amino_acid_mutation	
SPAC977.10	nhe1-R3479L	R379L	E397L	nhe1-E397L		pombase typo
SPAC977.10	nhe1-REL6	EIEKSIYE-390-QSSGNSHIK	EIEKSIYE-390-QSSGNSHIKE	nhe1-REL6		
SPAC9G1.02	wis4-1-500	wis4-501-1401	501-1401			pombase typo
SPAC9G1.09	sid1-125	L140P	L114P			With sequence from https://www.ncbi.nlm.nih.gov/pmc/articles/PMC302011/
SPACUNK4.07c	sev4-L5	ntG1844A	G615E			
SPAP8A3.06	uaf2-C157S,C163S,C167I	C157S,C163S,C167I	C157S,C163S,H167I	uaf2-C157S,C163S,H167I		
SPAP8A3.06	uaf2-C27S,C33S,C37I	C27S,C33S,C37I	C27S,C33S,H37I	uaf2-C27S,C33S,H37I		
SPAP8A3.06	uaf2-E68A,E71A,E74A	E68A,E71A,E74A	E68A,E71A,D74A	uaf2-E68A,E71A,D74A		
SPAP8A3.06	uaf2-E68A,E71A,E74A,ED78AA	E68A,E71A,E74A,ED78AA	E68A,E71A,D74A,ED-78-AA	uaf2-E68A,E71A,D74A,ED78AA		
SPAP8A3.06	uaf2-RK177AA	RK177AA	RD-177-AA	uaf2-RD177AA		
SPAP8A3.06	uaf2-T45D,T47D	T45D,T47D	T45D,L47D	uaf2-T45DL47D		
SPAP8A3.06	uaf2-T47D	T47D	L47D	uaf2-L47D		
SPAP8A3.06	uaf2-T47R	T47R	L47R	uaf2-L47R		
SPAPB18E9.02c	ppk18-2A-S6K	S1010A,S2012A	S1010A,S1012A			
SPAPB1E7.02c	mcl1-1	ntG372A	W109*		nonsense_mutation	
SPAPJ696.01c	vps17-RR	R141Q,R142Q	R136Q,R137Q			
SPBC11C11.02	imp2-28A	S346A,S367A,S383A,T384A,S396A,S397A,S402A,T426A,T438A,S451A,S454A,S456A,S467A,S469A,S480A,S490A,S503A,S511A,S520A,S524A,T531A,T554A,T560A,S564A,S565A,S584A,T595A,S596A	T346A,S367A,S383A,T384A,S396A,S397A,S402A,T426A,T438A,S451A,S454A,S456A,T467A,S469A,S480A,S490A,S503A,S511A,S520A,S524A,T531A,T554A,T560A,S564A,S565A,S584A,T595A,S596A			
SPBC11C11.02	imp2-28E	S346E,S367E,S383E,T384E,S396E,S397E,S402E,T426E,T438E,S451E,S454E,S456E,S467E,S469E,S480E,S490E,S503E,S511E,S520E,S524E,T531E,T554E,T560E,S564E,S565E,S584E,T595E,S596E	T346E,S367E,S383E,T384E,S396E,S397E,S402E,T426E,T438E,S451E,S454E,S456E,T467E,S469E,S480E,S490E,S503E,S511E,S520E,S524E,T531E,T554E,T560E,S564E,S565E,S584E,T595E,S596E			
SPBC11C11.02	imp2-dimer-4A	K97A,Q101A,D109A,R116A,R166A	K97A,Q101A,D109A,R116A			
SPBC11C11.08	srp1-RBD-V	64-275,DAEDA->VAVVA	D59V,E61V,D62V,64-275			
SPBC146.13c	myo1-S61A	S61A	S361A	myo1-S361A		
SPBC146.13c	myo1-S61D	S61D	S361D	myo1-S361D		
SPBC14C8.01c	cut2(81-156),EA2	81-156,127DIE-AIA	76-151,D122A,E124A			
SPBC14C8.07c	cdc18-46	E521A,Q334A	E521A,D524A			
SPBC14F5.13c	pho8-m1	D331A H315A	D311A,H315A			
SPBC1539.08	arf6p165n	P165N	L165N			
SPBC1604.20c	tea2	E336A	E366A			
SPBC1685.01	pmp1-M1	A1288U				https://www.nature.com/articles/nature01907
SPBC1685.01	pmp1-M12	A1288U,A1293U				https://www.nature.com/articles/nature01907
SPBC1685.01	pmp1-M123	A1288U,A1293U,A1300U				https://www.nature.com/articles/nature01907
SPBC1685.01	pmp1-M13	A1288U,A1300U				https://www.nature.com/articles/nature01907
SPBC1685.01	pmp1-M2	A1293U				https://www.nature.com/articles/nature01907
SPBC1685.01	pmp1-M23	A1293U,A1300U				https://www.nature.com/articles/nature01907
SPBC1685.01	pmp1-M3	A1300U				https://www.nature.com/articles/nature01907
SPBC16A3.09c	ufd1-7	L86P,G226D	L68P,G226D			
SPBC1718.07c	zfs1-S141A,S145A,S154A,S155A	S141A,S145A,S154A,S155A	S141A,S151A,S154A,S155A	zfs1-S141A,S151A,S154A,S155A		
SPBC17F3.02	nak1-125	T198I			amino_acid_mutation	
SPBC1861.01c	cnp3-1-60	74-661	61-643			
SPBC1A4.03c	ptr11-1	G438S	G492S			sequence from PMC1167120
SPBC1A4.03c	ptr11-2	L431I	L485I			sequence from PMC1167121
SPBC1A4.03c	ptr11-3	R1008H	R1062H			sequence from PMC1167122
SPBC20F10.04c	nse4/ext	174 - 30aa insertion	174-GGGGSGGGGSGGGGSGGGGSGGGGSGGGGS			
SPBC216.07c	tor2-13	C2163R,I2280V,G2205L	Q2305L			
SPBC216.07c	tor2-SE	S1834E	S1837E			
SPBC23E6.07c	rfc1-33	D739A	N739A			
SPBC23E6.07c	rfc1-41	D842A	N842A			
SPBC24C6.08c	bhd1-H255R	H255R	H352R			
SPBC29A10.14	rec8-N12A	N12A	S40A,S63A,T113A,S176A,S186A,S187A,S193A,T198A,T219A,S222A,S230A,S233A			
SPBC29A10.14	rec8-RD2	E369R,E370R,R373E	D369R,D370R,R373E			
SPBC29A10.14	rec8-RDRD	E369R,E370R,R373E,E379R,E381R,R384E	D369R,D370R,R373E,E379R,E381R,R384E			
SPBC29A10.14	rec8-S522P	S522P	S552P	rec8-S552P		pombase typo
SPBC30D10.10c	tor1-SE	S1837E	S1834E			
SPBC30D10.10c	tor1-g2	nt1071->stop	R1071*		nonsense_mutation	
SPBC32F12.04	gtb1-Q10A	Q405A	Q394A			
SPBC32H8.11	mei4-F125D	F125D	F115D	mei4-F115D		typo in paper
SPBC32H8.11	mei4-K85Q	K85Q	K81Q	mei4-K81Q		typo in paper
SPBC32H8.11	mei4-W115S	W115S	W125S	mei4-W125S		typo in paper
SPBC32H8.12c	cps8-188	D273G	G273D			
SPBC36B7.09	gcn2-Y1119L R1120L	Y1119L,R1120L	F1066A,R1067L			
SPBC3B9.07c	rpa43-ts2817	Y14H,I17T,D24E,L41H,F81S,L144Q	Y14H,I17T,D24E,L41H,F81S,L144Q			
SPBC4.01	dni2-deltaCT	248-284	211-248			
SPBC409.05	skp1-A7	T454C	I110T			
SPBC409.12c	stn1-1	L177M,L180I	I177M,M180I			
SPBC428.16c	rhb1-T35M	T35M	T38M			
SPBC4F6.06	kin1-TA	T2999A	T299A			
SPBC649.05	cut12-1	R531stop	R536*		nonsense_mutation	
SPBC649.05	cut12-G71V,R531stop	G71V,R531stop	G71V,R536*		other	
SPBC685.09	orc2-T159A,S162A,T196A,T209A,T214A,T217A	T159A,S162A,T196A,T209A,T214A,T217A	T8A,T21A,T26A,T29A,T123A,S126A			
SPBC685.09	orp2-T3D	T196D,T214D,T217D	T8D,T26D,T29D			
SPBC776.09	ste13-Q194P	Q194P	E194P			
SPBC776.12c	hsk1-89	L337P,E403K,L416P	L339P,E403K,L416P			
SPBC776.13	cnd1-175	G667E	G677E			probably G677
SPBC776.13	cnd1-S331P	S331P	L331P			
SPBP16F5.07	apm1-1	T343->stop	W343*		nonsense_mutation	
SPBP19A11.06	lid2	H512A	H542A	lid2H512A		
SPCC1020.04c	rpb6-ts127	Y45I	T45I			
SPCC1183.06	ung1-D145N	D145N	D142N			PMID:9724657
SPCC1183.06	ung1-L272A	L272A	L270A			PMID:9724657
SPCC1223.06	tea1-R2	nt1-134	1-45		partial_amino_acid_deletion	
SPCC1259.15c	ubc11-P39L	P39L	P93L	ubc11-P93L		pombase typo
SPCC338.08	ctp1-30	I110N with frameshift at T197 truncating at position 208			disruption	
SPCC338.08	ctp1-CT15	ctp15-1-279	1-279			
SPCC338.08	ctp1-E255A	E255A	E225A	ctp1-E225A		typo in pombase
SPCC4B3.15	mid1-9A	S110A,S127A,S216A,S227A,S329A,S432A,S452A,S464A,S531A	S110A,S127A,S218A,S227A,S329A,S432A,S452A,S464A,S531A			
SPCC4E9.01c	rec11-5A	S7A,S10A,S11A,T18A and S22A	S7A,S10A,S11A,T18A,S22A			
SPCC4G3.05c	mus81-T239A	T239A	T275A			
SPCC550.13	him1-motif-M-mut	Y311A,Y291A,D286A	Y281A,D286A,Y291A			Simulated with primer
SPCC5E4.04	cut1-21	T545S	N547S			https://www.ncbi.nlm.nih.gov/pmc/articles/PMC452486
SPCC645.03c	isa1-C136A	C136A	C180A			
SPCC645.03c	isa1-C138A	C138A	C182A			
SPCC645.03c	isa1-C72A	C72A	C116A			
SPCC645.05c	myo2-LT	+ myp2-aa1622-2104	myo2-myp2(1622-2104)		fusion_or_chimera	
SPCC645.05c	myo2-ST	+myp2-aa1923-2104	myo2-myp2(1923-2104)		fusion_or_chimera	
SPCC645.05c	myo2deltaCt-1-1393,S144A	1394-1526,S144A	1-1393,S1444A	myo2Ct-S144A	amino_acid_deletion_and_mutation	typo in pombase
SPCC645.05c	myo2deltaCt-1-1393,S144D	1394-1526,S144D	1-1393,S1444D	myo2Ct-S1444D	amino_acid_deletion_and_mutation	typo in pombase
SPCC736.15	pil1N	pil1(1-266)	267-351		partial_amino_acid_deletion	
SPCC737.08	mdn1-R4	R1375A,R1379A	R1379A,R1381A			
SPCC737.08	mdn1-R4-1	R1375A	R1381A			
SPCC757.09c	rnc1(S/T6A)	T45A,T50A,T171A,T177A,S278A,S286A	T45A,T50A,T171A,T177A,S278A,S283A			
SPCC757.09c	rnc1-G557D	G557D	G337D			
SPCC962.02c	bir1-C105A	C105A	C95A			based on PstI restriction site
SPAC1D4.12	rad15-P	G25604A	G45D			
SPBC409.05	skp1-A2		V102A			
SPBC409.05	skp1-A3		L113F			
SPAC27F1.09c	prp10-E622D	E622D	E484D			
SPBC11C11.02	imp2-11A	S346A,S367A,T384A,S397A,S402A,T426A,S452A,S467A,S490A,S511A,T531A	T346A,S367A,T384A,S397A,S402A,T426A,S451A,T467A,S490A,S511A,T531A			
SPBC11C11.02	imp2-11E	S346E,S367E,T384E,S397E,S402E,T426E,S452E,S467E,S490E,S511E,T531E	T346E,S367E,T384E,S397E,S402E,T426E,S451E,T467E,S490E,S511E,T531E			
SPAC30.03c	tsn1-S204stop	AA205->stop	L188*			
SPAC30.03c	tsn1-Y227stop	AA228->stop	V211*			
SPAC30.03c	tsn1-K106A	K106A	K90A			
SPCC5E4.04	cut1-474		R977Q,G1042D			
SPBC14C8.01c	cut2-EA2	D127A,D129E	D122A,E124A			
SPAC3A12.14	cam1-D116	R116D	R117D			
SPAC3A12.14	cam1-F116	R116F	R117F			
SPAC3A12.14	cam1-S116	R116S	R117S			
SPCC737.08	mdn1-R4-2	R1379A	R1379A			
SPBC32F12.04	gtb1-K5A	K399A	K389A			
SPAC30.03c	tsn1-W100A	W100A	W84A			
SPBC4F6.12	pxl1-9D-(Cdk1-phosphomimetic)	S3AD,S24D,S31D,T55D,T64D,S67D,S97D,S136D,T214D	S3D,S24D,S31D,T55D,T64D,S67D,S97D,S136D,T214D			
SPAC4D7.03	pop2-N241	1,242-703	242-703		partial_amino_acid_deletion	
SPAC4D7.03	pop2-N344	1,345-703	345-703			
SPBC2F12.13	klp5-del	772fs	short deletion with a frameshift at codon 772, resulting in a different 772â€“814 C-terminus		disruption	
SPBC4F6.15c	rad23-1	Q231->stop	Q232*			
SPBC19C2.09	sre1-Q801*	Q801->stop	Q802*	sre1-Q802*		
SPAC1486.02c	dsc2-G160*	G160->stop	V160*	dsc2-V160*		
SPAC3C7.08c	elf1-21	Q833->ochre	Q863*			
SPAC3G9.04	ssu72-1-86	87-197	asked			
SPAC607.10	spo3-KC51	T427->opal	W427*			
SPBC12C2.10c	pst1-1	Y1307->stop	W1305*			
SPBC18H10.02	lcf1-W376->stop	W376->stop	W367*			
SPBC651.05c	dot2-439	Q33->stop	E33*			
SPBC6B1.05c	atg7-m1	W277->stop	W227*			
SPAC17H9.04c	dri1deltaRRM	245-326	237-318			
SPAC24H6.06	sld3-480-699	1-479	1-479			
SPAC24H6.06	sld3-601-699	1-600	1-600			
SPBC14C8.01c	cut2(81-156)	1-80,157-201	1-75,152-196			
SPBC14C8.01c	cut2-447	L296S	L291S			
SPBC14C8.01c	cut2delta127	1-127	1-122			
SPBC16D10.04c	dna2-E560A	E560A	E559A			
SPBC30B4.08	eri1-EXO	1-71	1-55			
SPBC685.09	orp2delta1-127	1-127	1-91			
SPAC24H6.06	sld3-1-480	481-699	481-699			
SPAC24H6.06	sld3-10	E338G	E338G			
SPAC24H6.06	sld3-4A636	T650A,S673A,T690A,S698A	T650A,S673A,T690A,S698A			
SPAC24H6.06	sld3-4A650	T636A,S673A,T690A,S698A	T636A,S673A,T690A,S698A			
SPAC24H6.06	sld3-4A673	T636A,T650A,T690A,S698A	T636A,T650A,T690A,S698A			
SPAC24H6.06	sld3-4A690	T636A,T650A,S673A,S698A	T636A,T650A,S673A,S698A			
SPAC24H6.06	sld3-5A	T636A,T650A,S673A,T690A,S698A	T636A,T650A,S673A,T690A,S698A			
SPAC24H6.06	sld3-5D	T636D,T650D,S673D,T690D,S698D	T636D,T650D,S673D,T690D,S698D			
SPAC24H6.06	sld3deltaC	601-699	601-699			
SPAC27F1.09c	prp10-E622D	E622D	E622D			
SPAC4A8.11c	fas2-H201	I1276T	I1276T			
SPAC4A8.11c	fas2-H518	I600N	I600N			
SPAPB18E9.02c	ppk18-4A-PKA/S6K	S498A,T587A,S1020A,S1141A	S498A,T587A,S1020A,S1141A			
SPAPB18E9.02c	ppk18-6A-PKA/S6K	S498A,T587A,S1010A,S1012A,S1020A,S1141A	S498A,T587A,S1010A,S1012A,S1020A,S1141A			
SPAPB18E9.02c	ppk18-KD	K595A	K595A			
SPBC16D10.04c	dna2-ts	L1097S	L1097S			
SPBC577.05c	rec27-238	K28E	K28E			
SPBC577.05c	rec27-239	R32E	R32E			
SPBC577.05c	rec27-240	K36E	K36E			
SPBC577.05c	rec27-241	Q119K	Q119K			
SPBC577.05c	rec27-242	K52E	K52E			
SPBC577.05c	rec27-243	K57E	K57E			
SPBC577.05c	rec27-244	K65E	K65E			
SPBC577.05c	rec27-245	K108E	K108E			
SPBC577.05c	rec27-246	M1L,N50I	M1L,N50I			
SPAC110.02	pds5-him	P82A,D83A,P85A	P84A,D85A,P87A			
SPAC11E3.02c	ync13-4	E365G,I373T,K581E,M593L,L744S,I1013T,I1031V,V1081E	E365G,I373T,K581E,M593L,L745S,I1013T,I1031V,V1081E			
SPAC1486.05	nup189(uncleavable)	S965A	S964A			
SPAC16.01	rho2-G17V,C198S	G17V,C198S	G17V,C197S			
SPAC16.01	rho2-T22N,C198S	T22N,C198S	T22N,C197S			
SPAC17G8.04c	arc5-R3E	R3E	R4E			
SPAC19A8.05c	sst4-S271D	S271D	S272D			
SPAC19A8.05c	sst4-S271D,S316D	S271D,S316D	S272D,S316D			
SPAC19G12.10c	cpy1(S609A)	S609A	S661A			
SPAC1D4.10	trz1p208AAAA211	K208A,K209A,K210A,K211A	K208A,K209A,R210A,K211A			
SPAC1F5.09c	pak2-LL	H136L,H140L	H137L,H140L			
SPAC20G8.01	cdc17-1-175/deltaNLS	176-768,K62A,R63A,K63A	176-768,K62A,R63A,K64A			
SPAC23C11.16	plo1-DHK625AAA	DHK625AAA	D625A,H626A,K628A			
SPAC24H6.06	sld3-9A	S140A,T201A,T228A,S449A,T636A,T650A,S673A,T690A,S698A	S140A,T201A,T228A,S499A,T636A,T650A,S673A,T690A,S698A			
SPAC24H6.06	sld3-N4A	S140A,T201A,T228A,S449A	S140A,T201A,T228A,S499A			
SPAC2F7.03c	pom1-5PxxP*	PTIP-272-ATIA,PDVP-457-ADVA,PPP-514-AAA,PSVP-538-ASVA,PLP-1029-ALA	PTIP-272-ATIA,PDVP-457-ADVA,PPP-514-AAA,PSVP-538-ASVA,PNLP-1029-AALA			
SPAC2G11.15c	tgs1-D68A	D68A	D78A			
SPAC30D11.10	rad52-E250A,D251A	E250A,D251A	E249A,D250A			
SPAC3H5.06c	pol1-L471A	L471A	L470A			
SPAC3H5.06c	pol1-S470A	S470A	S471A			
SPAC644.14c	loh4-1	E344K	asked			
SPAC664.01c	swi6-KR25A	K143A,R144A,K145A,R146A,R149A,K151A,K152A,K156A,K161A,R163A,K164A,K169A,K172A,K177A,K184A,K187A,K191A,K217A,K222A,K241A,K242A,K243A,K251A,R256A,K261A	K143A,R144A,K145A,R146A,R149A,K151A,K152A,K156A,K161A,R163A,K164A,K169A,K172A,K177A,K184A,K187A,K191A,K217A,K222A,K242A,K242A,K243A,K251A,R256A,K261A			
SPAC664.07c	rad9-S5	E254A,F255A,R256A	E253A,F254A,R255A			
SPAC694.06c	mrc1-AQ	T121A,T327A,T513A,S572A,S599A,S604A,S614A,T634A,S637A,T645A,T653A,S938A,T964A,S1000A	T121A,T327A,T513A,S572A,S599A,S604A,S614A,T634A,S637A,T645A,T653A,S938A,T965A,S1000A			
SPAC694.06c	mrc1-C3	S938A,T964A,S1000A	S938A,T965A,S1000A			
SPAC694.06c	mrc1-Mid7,C3	S599A,S604A,S614A,T634A,S637A,T645A,T653A,S938A,T964A,S1000A	S599A,S604A,S614A,T634A,S637A,T645A,T653A,S938A,T965A,S1000A			
SPAC694.06c	mrc1-N4,C3	T121A,T327A,T513A,S572A,S938A,T964A,S1000A	T121A,T327A,T513A,S572A,S938A,T965A,S1000A			
SPAC6F6.17	rif1-S44N,1-398	S44N,I399->stop	S44N,I400*		other	
SPAP8A3.06	uaf2-KK195AA	KK195AA	K196A,K197A			
SPBC11C11.02	imp2-11A	S346A,S367A,T384A,S397A,S402A,T426A,S452A,S467A,S490A,S511A,T531A	T346A,S367A,T384A,S397A,S402A,T426A,S451A,T467A,S490A,S511A,T531A			
SPBC11C11.02	imp2-11E	S346E,S367E,T384E,S397E,S402E,T426E,S452E,S467E,S490E,S511E,T531E	T346E,S367E,T384E,S397E,S402E,T426E,S451E,T467E,S490E,S511E,T531E			
SPBC14C8.06	sop2-1	G207D	G206D			
SPBC16D10.09	pcn1-35	PIKGEEDEE252AAAAAAAAA	PKIGEEDEE-252-AAAAAAAAA			
SPBC16D10.09	pcn1-37	PIGK252AAAA	PKIG-252-AAAA			
SPBC1709.04c	cyp3-F128W	F128W	F129W			
SPBC1718.07c	zfs1 S164A,T1645A	S164A,T164A	S164A,T165A	zfs1-S164A,T165A		
SPBC1734.02c	cdc27-P7	EDE317AAA	EDE-327-AAA			
SPBC216.07c	tor2-ts10	A1399E,F2198L	asked			
SPBC216.07c	tor2-ts6	S550P,K711M	asked			
SPBC23E6.02	rrp2-SIM(1-6)*	V100A,I101A,L103A,I143A,A145A,V147A,V186A,I187A,V188A,V189A,L236A,V237A,L238A,P285A,I286A,L288A,V308A,I309A,L310A	VIALK-100-AAAAK,ITIDV-143-ATADA,VIVVS-186-AAAAS,LPVLS-236-APAAS,PISLS-285-AASAS,VILPG-308-AAAPG			
SPBC23E6.07c	rfc1-47	K677-HLGAP	676-HLGAP			
SPBC23E6.07c	rfc1-50	E870-VGVPH	871-VGVPH			
SPBC32F12.04	gtb1-K5A	K399A	K389A			
SPBC32F12.04	gtb1-P301L	P301L	P302L			
SPBC409.12c	stn1-195	L195A,I196A,L198A	I195A,I196A,L198A			typo in paper
SPBC428.16c	rhb1-D121A	D121A	D122A			
SPBC428.18	cdt1-PIP28A+4	R37A	R17A			
SPBC428.18	cdt1-PIP28A8-PIP301A10	Q28A,L31A,FSVRK33AAAAA,R39A,Q301A,LRQSS303AAAAA,R312A,RKK314AAA	Q6A,L9A,FSVRK-11-AAAAA,R17A,Q279A,LRQSS-282-AAAAA,R290A,RKK-292-AAA			
SPBC428.18	cdt1-PIP28RKs	RK36AA,R37A,KR43AA	RK-14-AA,R17A,KR-21-AA			
SPBC428.18	cdt1-PIP301A10	Q301A,LRQSS303AAAAA,R312A,RKK314AAA	Q279A,LRQSS-282-AAAAA,R290A,RKK-292-AAA			
SPBC839.07	ibp1-C69S	C69S	C70S			
SPBC839.07	ibp1-R75A	R75A	R76A			
SPBC839.07	ibp1-S72A	S72A	S73A			
SPBP22H7.03	sbg1-3	N147I	N148I			
SPBP23A10.10	ppk32-AAXX	L745A,S746A	K746A,S747A			
SPCC1442.10c	rpb3-Ts3-24	S24P	T24P			
SPCC1672.06c	asp1-C663S,C664S	C663S,C664S	C663S,C864S	asp1-C663S,C864S		typo in paper
SPCC1739.11c	cdc11-136	N768M	N767M			typo in paper
SPCC1795.01c	mad3-18A	S19A,S31A,S33A,S38A,S40A,T44A,T64A,T93A,S94A,S246A,S251A,T259A,T262A,T265A,S276A,T278A,S279A,S288A	S19A,S31A,S33A,S38A,S40A,T44A,T64A,T93A,S94A,S246A,S251A,T259A,T262A,T265A,S276A,T278A,S279A,S289A			typo in pombase
SPCC1795.01c	mad3-C9A	S246A,S251A,T259A,T262A,T265A,S276A,T278A,S279A,S288A	S246A,S251A,T259A,T262A,T265A,S276A,T278A,S279A,S289A			typo in pombase
SPCC1840.01c	mog1-1	S151C,S152T,V153A,L185R	S150C,S151T,V152A,L183R			
SPCC188.06c	srp54-G408I	G408I	G407I			
SPCC188.06c	srp54-G408P	G408P	G407P			
SPCC18B5.11c	cds1-R63A,N107A	R63A,N107A	R64A,N107A	cds1-R64A,N107A		typo in paper
SPCC338.08	ctp1-T89A	T88A	T89A			typo in pombase
SPCC4B3.15	mid1-helix*	F683A,F684A,F687A,N688A	F683A,F684A,L687A,F688A			
SPCC550.13	dfp1-3A	P447A,V449A,I451A	P448A,V450A,I452A			typo in paper
SPCC553.09c	spb70-U05	H349L,V523A	H350L,V523A			
SPCC584.04	sup35-R643A	R643A	R642A	sup35-R642A		typo in pombase
SPCC645.05c	myo2-S2	E679K,R1337S	E679K,R1336S			
SPCC645.07	rgf1-6A	S35A,S68A,S87A,S170A,S275A,S342A	S35A,S68A,S87A,S171A,S275A,S342A			
SPCC645.07	rgf1-9A	S35A,S68A,S87A,S170A,S275A,S342A,S422A,S1085A,S1322A	S35A,S68A,S87A,S171A,S275A,S342A,S422A,S1085A,S1322A			
SPCC663.05c	asf1-33	A16T,L61P,E119K,L121P,N155S,E180G	A16T,L61P,E119K,L121P,N156S,E180G			
SPCC757.09c	rnc1(m3KH)	K110D,A111D,R196D,N197D,R338D,G339D	K111D,A112D,R196D,N197D,R338D,G339D			
SPCC777.14	prp4-K189I	K189I	K188I			
