systematic_id	allele_description	allele_name	allele_type	change_description_to	change_name_to	change_type_to	auto_fix_comment	sequence_error	solution_index	allele_parts	rules_applied	reference
SPAC13C5.07	CL-454-RR	mre11-CL454RR	amino_acid_mutation	CL454RR			syntax_error			CL-454-RR	amino_acid_mutation:multiple_aa	PMID:21441914
SPAC13C5.07	CV-479-RR	mre11-CV497RR	amino_acid_mutation	CV479RR			syntax_error			CV-479-RR	amino_acid_mutation:multiple_aa	PMID:21441914
SPAC13C5.07	HD-134-LV	mre11-H134L,D135V	amino_acid_mutation	HD134LV			syntax_error			HD-134-LV	amino_acid_mutation:multiple_aa	PMID:19211838
SPAC140.02		gar2::ura4+	disruption	gar2::ura4			syntax_error			gar2::ura4+	disruption:usual	PMID:9211982
SPAC144.13c	AAAGTGCATTACCCTTCCCGGTTTCTC-(-198)-CCCGGTACCGCAAAGGAAATTGGGAGC	srw1-MutPste9	nucleotide_mutation	AAAGTGCATTACCCTTCCCGGTTTCTC(-198)CCCGGTACCGCAAAGGAAATTGGGAGC			syntax_error			AAAGTGCATTACCCTTCCCGGTTTCTC-(-198)-CCCGGTACCGCAAAGGAAATTGGGAGC	nucleotide_mutation:multiple_nt	PMID:21118960
SPAC1565.08	G338D		amino_acid_mutation	G332D			old_coords_fix, revision 8148: join(1306439..1306512,1306569..1308942)	G338		G338D	amino_acid_mutation:single_aa	PMID:29352077
SPAC1565.08	E325K	cdc48-4	amino_acid_mutation	E319K			old_coords_fix, revision 8148: join(1306439..1306512,1306569..1308942)	E325		E325K	amino_acid_mutation:single_aa	PMID:22086920
SPAC18G6.02c	Y50-DPS,49-50	chp1-WY/DPS	amino_acid_insertion_and_deletion	Y50YDPS,49-50			syntax_error			Y50-DPS|49-50	amino_acid_insertion:multiple|partial_amino_acid_deletion:multiple_aa	PMID:22727667
SPAC18G6.02c	KKRKK-71-NEHG	chp1-alpha-mut1	amino_acid_mutation	KKRKK71NEHG			syntax_error			KKRKK-71-NEHG	amino_acid_mutation:multiple_aa	PMID:22727667
SPAC20G8.01	1-31,M1-MSNSDIRSFF	cdc17-Ndelta31-R	amino_acid_insertion_and_deletion	1-31,M1MMSNSDIRSFF			syntax_error			1-31|M1-MSNSDIRSFF	partial_amino_acid_deletion:multiple_aa|amino_acid_insertion:multiple	PMID:14752051
SPAC227.07c	I228-TEVI	pab1-1	amino_acid_insertion	I228ITEVI			syntax_error			I228-TEVI	amino_acid_insertion:multiple	PMID:27398807
SPAC23C11.16	FN-519-AA	plo1-FN519AA	amino_acid_mutation	FN519AA			syntax_error			FN-519-AA	amino_acid_mutation:multiple_aa	PMID:12615979
SPAC23C11.16	YM-572-AA	plo1-YM572AA	amino_acid_mutation	YM572AA			syntax_error			YM-572-AA	amino_acid_mutation:multiple_aa	PMID:12615979
SPAC23C11.16	YQL-508-AAA	plo1-YQL508AAA	amino_acid_mutation	YQL508AAA			syntax_error			YQL-508-AAA	amino_acid_mutation:multiple_aa	PMID:12615979
SPAC23D3.02	C157-LGYPC	rfc2-F37	amino_acid_insertion	C157CLGYPC			syntax_error			C157-LGYPC	amino_acid_insertion:multiple	PMID:19664060
SPAC23D3.02	L170-RGTPL	rfc2-F39	amino_acid_insertion	L170LRGTPL			syntax_error			L170-RGTPL	amino_acid_insertion:multiple	PMID:19664060
SPAC23D3.02	V242-GVPRV	rfc2-F41	amino_acid_insertion	V242VGVPRV			syntax_error			V242-GVPRV	amino_acid_insertion:multiple	PMID:19664060
SPAC23D3.02	C174-RGTPC	rfc2-F42	amino_acid_insertion	C174CRGTPC			syntax_error			C174-RGTPC	amino_acid_insertion:multiple	PMID:19664060
SPAC23D3.02	L258-GVPLL	rfc2-F44	amino_acid_insertion	L258LGVPLL			syntax_error			L258-GVPLL	amino_acid_insertion:multiple	PMID:19664060
SPAC23D3.02	T146-RGTPT	rfc2-F45	amino_acid_insertion	T146TRGTPT			syntax_error			T146-RGTPT	amino_acid_insertion:multiple	PMID:19664060
SPAC23D3.02	F124-GVPLF	rfc2-F46	amino_acid_insertion	F124FGVPLF			syntax_error			F124-GVPLF	amino_acid_insertion:multiple	PMID:19664060
SPAC23D3.02	K305-GYPSKVQNIHETF,306-340	rfc2-F47	amino_acid_insertion_and_deletion	K305KGYPSKVQNIHETF,306-340			syntax_error			K305-GYPSKVQNIHETF|306-340	amino_acid_insertion:multiple|partial_amino_acid_deletion:multiple_aa	PMID:19664060
SPAC23D3.02	F124-RGTPF	rfc2-F49	amino_acid_insertion	F124FRGTPF			syntax_error			F124-RGTPF	amino_acid_insertion:multiple	PMID:19664060
SPAC23D3.02	A195-GVPLA	rfc2-K1	amino_acid_insertion	A195AGVPLA			syntax_error			A195-GVPLA	amino_acid_insertion:multiple	PMID:19664060
SPAC23D3.02	P6-RGTPP	rfc2-K10	amino_acid_insertion	P6PRGTPP			syntax_error			P6-RGTPP	amino_acid_insertion:multiple	PMID:19664060
SPAC23D3.02	E94-GVPHE	rfc2-K11	amino_acid_insertion	E94EGVPHE			syntax_error			E94-GVPHE	amino_acid_insertion:multiple	PMID:19664060
SPAC23D3.02	E94-GVPPGLVPPGLVPTPGVPPGLVFHE	rfc2-K11A	amino_acid_insertion	E94EGVPPGLVPPGLVPTPGVPPGLVFHE			syntax_error			E94-GVPPGLVPPGLVPTPGVPPGLVFHE	amino_acid_insertion:multiple	PMID:19664060
SPAC23D3.02	N8-KGYPN	rfc2-K12	amino_acid_insertion	N8NKGYPN			syntax_error			N8-KGYPN	amino_acid_insertion:multiple	PMID:19664060
SPAC23D3.02	I254-RGTPI	rfc2-K15	amino_acid_insertion	I254IRGTPI			syntax_error			I254-RGTPI	amino_acid_insertion:multiple	PMID:19664060
SPAC23D3.02	P27-RGTPP	rfc2-K17	amino_acid_insertion	P27PRGTPP			syntax_error			P27-RGTPP	amino_acid_insertion:multiple	PMID:19664060
SPAC23D3.02	G64-RGTPG	rfc2-K18	amino_acid_insertion	G64GRGTPG			syntax_error			G64-RGTPG	amino_acid_insertion:multiple	PMID:19664060
SPAC23D3.02	S67-RGTPS	rfc2-K19	amino_acid_insertion	S67SRGTPS			syntax_error			S67-RGTPS	amino_acid_insertion:multiple	PMID:19664060
SPAC23D3.02	A195-GVPPVGLGPGLVPLA	rfc2-K1a	amino_acid_insertion	A195AGVPPVGLGPGLVPLA			syntax_error			A195-GVPPVGLGPGLVPLA	amino_acid_insertion:multiple	PMID:19664060
SPAC23D3.02	I99-RGTPI	rfc2-K20	amino_acid_insertion	I99IRGTPI			syntax_error			I99-RGTPI	amino_acid_insertion:multiple	PMID:19664060
SPAC23D3.02	L48-GVPLL	rfc2-K22	amino_acid_insertion	L48LGVPLL			syntax_error			L48-GVPLL	amino_acid_insertion:multiple	PMID:19664060
SPAC23D3.02	S49-KGYPS	rfc2-K23	amino_acid_insertion	S49SKGYPS			syntax_error			S49-KGYPS	amino_acid_insertion:multiple	PMID:19664060
SPAC23D3.02	S49-KGYP,49-57	rfc2-K23deltaK14	amino_acid_insertion_and_deletion	S49SKGYP,49-57			syntax_error			S49-KGYP|49-57	amino_acid_insertion:multiple|partial_amino_acid_deletion:multiple_aa	PMID:19664060
SPAC23D3.02	D183-RGTPD	rfc2-K26	amino_acid_insertion	D183DRGTPD			syntax_error			D183-RGTPD	amino_acid_insertion:multiple	PMID:19664060
SPAC23D3.02	D183-RGTPGVGTPD	rfc2-K26a	amino_acid_insertion	D183DRGTPGVGTPD			syntax_error			D183-RGTPGVGTPD	amino_acid_insertion:multiple	PMID:19664060
SPAC23D3.02	D183-RGTPGGVGPGVGTPD	rfc2-K26b	amino_acid_insertion	D183DRGTPGGVGPGVGTPD			syntax_error			D183-RGTPGGVGPGVGTPD	amino_acid_insertion:multiple	PMID:19664060
SPAC23D3.02	K45-GVPQK	rfc2-K27	amino_acid_insertion	K45KGVPQK			syntax_error			K45-GVPQK	amino_acid_insertion:multiple	PMID:19664060
SPAC23D3.02	N50-RGTPN	rfc2-K3	amino_acid_insertion	N50NRGTPN			syntax_error			N50-RGTPN	amino_acid_insertion:multiple	PMID:19664060
SPAC23D3.02	Q36-GYPSQ	rfc2-K32	amino_acid_insertion	Q36QGYPSQ			syntax_error			Q36-GYPSQ	amino_acid_insertion:multiple	PMID:19664060
SPAC23D3.02	V42-GVPQV	rfc2-K33	amino_acid_insertion	V42VGVPQV			syntax_error			V42-GVPQV	amino_acid_insertion:multiple	PMID:19664060
SPAC23D3.02	V42-GVPLL,42-46	rfc2-K33deltaK22	amino_acid_insertion_and_deletion	V42VGVPLL,42-46			syntax_error			V42-GVPLL|42-46	amino_acid_insertion:multiple|partial_amino_acid_deletion:multiple_aa	PMID:19664060
SPAC23D3.02	V42-GVPQK,42-46	rfc2-K33deltaK27	amino_acid_insertion_and_deletion	V42VGVPQK,42-46			syntax_error			V42-GVPQK|42-46	amino_acid_insertion:multiple|partial_amino_acid_deletion:multiple_aa	PMID:19664060
SPAC23D3.02	Y251-RGTPY	rfc2-K35	amino_acid_insertion	Y251YRGTPY			syntax_error			Y251-RGTPY	amino_acid_insertion:multiple	PMID:19664060
SPAC23D3.02	S171-GVPLS	rfc2-K5	amino_acid_insertion	S171SGVPLS			syntax_error			S171-GVPLS	amino_acid_insertion:multiple	PMID:19664060
SPAC23D3.02	D331-GVPLD	rfc2-K8	amino_acid_insertion	D331DGVPLD			syntax_error			D331-GVPLD	amino_acid_insertion:multiple	PMID:19664060
SPAC23D3.02	M82-GYPLM	rfc2-K9	amino_acid_insertion	M82MGYPLM			syntax_error			M82-GYPLM	amino_acid_insertion:multiple	PMID:19664060
SPAC23E2.02	KK-823-AA	lsd2-KK-823-AA	amino_acid_mutation	KK823AA			syntax_error			KK-823-AA	amino_acid_mutation:multiple_aa	PMID:17434129
SPAC25G10.02	Y121-RWGTP	cce1-121RWGTP	amino_acid_insertion	Y121YRWGTP			syntax_error			Y121-RWGTP	amino_acid_insertion:multiple	PMID:9857040
SPAC27E2.05	NP-328-AA	cdc1-A10	amino_acid_mutation	NP328AA			syntax_error			NP-328-AA	amino_acid_mutation:multiple_aa	PMID:19686603
SPAC27E2.05	PG-292-AA	cdc1-A9	amino_acid_mutation	PG292AA			syntax_error			PG-292-AA	amino_acid_mutation:multiple_aa	PMID:19686603
SPAC27E2.05	S66-GVPQS	cdc1-E1	amino_acid_insertion	S66SGVPQS			syntax_error			S66-GVPQS	amino_acid_insertion:multiple	PMID:19686603
SPAC27E2.05	C10-GVPPC	cdc1-E4	amino_acid_insertion	C10CGVPPC			syntax_error			C10-GVPPC	amino_acid_insertion:multiple	PMID:19686603
SPAC27E2.05	V86-MGYPV	cdc1-E5	amino_acid_insertion	V86VMGYPV			syntax_error			V86-MGYPV	amino_acid_insertion:multiple	PMID:19686603
SPAC27E2.05	Y124-GGYPY	cdc1-E9	amino_acid_insertion	Y124YGGYPY			syntax_error			Y124-GGYPY	amino_acid_insertion:multiple	PMID:19686603
SPAC27E2.05	T141-GVPLT	cdc1-J1	amino_acid_insertion	T141TGVPLT			syntax_error			T141-GVPLT	amino_acid_insertion:multiple	PMID:19686603
SPAC27E2.05	Y77-RGTPY	cdc1-J10	amino_acid_insertion	Y77YRGTPY			syntax_error			Y77-RGTPY	amino_acid_insertion:multiple	PMID:19686603
SPAC27E2.05	S7-GVPHS	cdc1-J12	amino_acid_insertion	S7SGVPHS			syntax_error			S7-GVPHS	amino_acid_insertion:multiple	PMID:19686603
SPAC27E2.05	Q203-GVPLQ	cdc1-J15	amino_acid_insertion	Q203QGVPLQ			syntax_error			Q203-GVPLQ	amino_acid_insertion:multiple	PMID:19686603
SPAC27E2.05	V160-GGTPV	cdc1-J16	amino_acid_insertion	V160VGGTPV			syntax_error			V160-GGTPV	amino_acid_insertion:multiple	PMID:19686603
SPAC27E2.05	Y25-RGTPY	cdc1-J2	amino_acid_insertion	Y25YRGTPY			syntax_error			Y25-RGTPY	amino_acid_insertion:multiple	PMID:19686603
SPAC27E2.05	L275-GVPQL	cdc1-J21	amino_acid_insertion	L275LGVPQL			syntax_error			L275-GVPQL	amino_acid_insertion:multiple	PMID:19686603
SPAC27E2.05	R212-GVPLR	cdc1-J22	amino_acid_insertion	R212RGVPLR			syntax_error			R212-GVPLR	amino_acid_insertion:multiple	PMID:19686603
SPAC27E2.05	L62-GVPLL	cdc1-J3	amino_acid_insertion	L62LGVPLL			syntax_error			L62-GVPLL	amino_acid_insertion:multiple	PMID:19686603
SPAC27E2.05	I127-GVPRI	cdc1-J4	amino_acid_insertion	I127IGVPRI			syntax_error			I127-GVPRI	amino_acid_insertion:multiple	PMID:19686603
SPAC27E2.05	Y124-GVPHY	cdc1-J6	amino_acid_insertion	Y124YGVPHY			syntax_error			Y124-GVPHY	amino_acid_insertion:multiple	PMID:19686603
SPAC27E2.05	M393-GVPLM	cdc1-J7	amino_acid_insertion	M393MGVPLM			syntax_error			M393-GVPLM	amino_acid_insertion:multiple	PMID:19686603
SPAC27E2.05	K83-GVPLK	cdc1-J8	amino_acid_insertion	K83KGVPLK			syntax_error			K83-GVPLK	amino_acid_insertion:multiple	PMID:19686603
SPAC27E2.05	M174-RGTPM	cdc1-J9	amino_acid_insertion	M174MRGTPM			syntax_error			M174-RGTPM	amino_acid_insertion:multiple	PMID:19686603
SPAC27F1.02c	M1-ASM	cdc8-AS	amino_acid_insertion	M1MASM			syntax_error			M1-ASM	amino_acid_insertion:multiple	PMID:17452625
SPAC27F1.09c	K435-LLLFSLFQ	prp10-LLLFSLFQ-ins	amino_acid_insertion	K435KLLLFSLFQ			syntax_error			K435-LLLFSLFQ	amino_acid_insertion:multiple	PMID:32168916
SPAC2F7.03c	PTIP-272-ATIA,PDVP-457-ADVA,PPP-514-AAA,PSVP-538-ASVA,PNLP-1029-AALA	pom1-5PxxP*	amino_acid_mutation	PTIP272ATIA,PDVP457ADVA,PPP514AAA,PSVP538ASVA,PNLP1029AALA			syntax_error			PTIP-272-ATIA|PDVP-457-ADVA|PPP-514-AAA|PSVP-538-ASVA|PNLP-1029-AALA	amino_acid_mutation:multiple_aa|amino_acid_mutation:multiple_aa|amino_acid_mutation:multiple_aa|amino_acid_mutation:multiple_aa|amino_acid_mutation:multiple_aa	PMID:21703453
SPAC3G9.10c	S62-GESEGESEGLE	rrp41 channel-occluded	amino_acid_insertion	S62SGESEGESEGLE			syntax_error			S62-GESEGESEGLE	amino_acid_insertion:multiple	PMID:25240800
SPAC57A10.14	Q64->stop		nonsense_mutation	Q64*		partial_amino_acid_deletion	syntax_and_type_error			Q64->stop	nonsense_mutation:stop_codon_text	PMID:29352077
SPAC644.14c	GGT-(-231)-TTC,GGT-(-210)-TTC	rad51-AT2CG	nucleotide_mutation	GGT(-231)TTC,GGT(-210)TTC			syntax_error			GGT-(-231)-TTC|GGT-(-210)-TTC	nucleotide_mutation:multiple_nt|nucleotide_mutation:multiple_nt	PMID:11073995
SPAC644.14c	AGGTG-(-232)-CTTCA,AGGTA-(-211)-CTTCG	rad51-CT2CA	nucleotide_mutation	AGGTG(-232)CTTCA,AGGTA(-211)CTTCG			syntax_error			AGGTG-(-232)-CTTCA|AGGTA-(-211)-CTTCG	nucleotide_mutation:multiple_nt|nucleotide_mutation:multiple_nt	PMID:11073995
SPAC6F12.03c	QKTTSSSEGS-122-AAAAAAAAAA	stx8-122-131A	amino_acid_mutation	QKTTSSSEGS122AAAAAAAAAA			syntax_error			QKTTSSSEGS-122-AAAAAAAAAA	amino_acid_mutation:multiple_aa	PMID:33788833
SPAC6F12.03c	DIEMEAMYPV-132-AAAAAAAAAA	stx8-132-141A	amino_acid_mutation	DIEMEAMYPV132AAAAAAAAAA			syntax_error			DIEMEAMYPV-132-AAAAAAAAAA	amino_acid_mutation:multiple_aa	PMID:33788833
SPAC6F12.03c	DGNDPDPINV-142-AAAAAAAAAA	stx8-142-151A	amino_acid_mutation	DGNDPDPINV142AAAAAAAAAA			syntax_error			DGNDPDPINV-142-AAAAAAAAAA	amino_acid_mutation:multiple_aa	PMID:33788833
SPAC6F6.16c	EKRI-74-AAAA	tpz1-EKRI74A4	amino_acid_mutation	EKRI74AAAA			syntax_error			EKRI-74-AAAA	amino_acid_mutation:multiple_aa	PMID:25131669
SPAC6F6.16c	TS-78-AA	tpz1-TS78AA	amino_acid_mutation	TS78AA			syntax_error			TS-78-AA	amino_acid_mutation:multiple_aa	PMID:25131669
SPAC977.10	EIEKSIYE-390-QSSGNSHIKE	nhe1-REL6	amino_acid_mutation	EIEKSIYE390QSSGNSHIKE			syntax_error			EIEKSIYE-390-QSSGNSHIKE	amino_acid_mutation:multiple_aa	PMID:30996236
SPAC9E9.08	C510-NPLIVC	rad26.a14	amino_acid_insertion	C510CNPLIVC			syntax_error			C510-NPLIVC	amino_acid_insertion:multiple	PMID:9154809
SPAP8A3.06	E68A,E71A,D74A,ED-78-AA	uaf2-E68A,E71A,D74A,ED78AA	amino_acid_mutation	E68A,E71A,D74A,ED78AA			syntax_error			E68A|E71A|D74A|ED-78-AA	amino_acid_mutation:single_aa|amino_acid_mutation:single_aa|amino_acid_mutation:single_aa|amino_acid_mutation:multiple_aa	PMID:15121844
SPAP8A3.06	ED-78-AA	uaf2-ED78AA	amino_acid_mutation	ED78AA			syntax_error			ED-78-AA	amino_acid_mutation:multiple_aa	PMID:15121844
SPAP8A3.06	EE-114-AA	uaf2-EE114AA	amino_acid_mutation	EE114AA			syntax_error			EE-114-AA	amino_acid_mutation:multiple_aa	PMID:15121844
SPAP8A3.06	ER-31-AA	uaf2-ER31AA	amino_acid_mutation	ER31AA			syntax_error			ER-31-AA	amino_acid_mutation:multiple_aa	PMID:15121844
SPAP8A3.06	RD-177-AA	uaf2-RD177AA	amino_acid_mutation	RD177AA			syntax_error			RD-177-AA	amino_acid_mutation:multiple_aa	PMID:15121844
SPAP8A3.06	RE-145-AA	uaf2-RE145AA	amino_acid_mutation	RE145AA			syntax_error			RE-145-AA	amino_acid_mutation:multiple_aa	PMID:15121844
SPAP8A3.08	TCTT-504-AGCC,TCTT-677-CCTC	cdc4-M1M2	nucleotide_mutation	TCTT504AGCC,TCTT677CCTC			syntax_error			TCTT-504-AGCC|TCTT-677-CCTC	nucleotide_mutation:multiple_nt|nucleotide_mutation:multiple_nt	PMID:19279143
SPAPB17E12.06	K264-IMRRYR	sos7-+6	amino_acid_insertion	K264KIMRRYR			syntax_error			K264-IMRRYR	amino_acid_insertion:multiple	PMID:22711988
SPAPB1E7.02c	269-815,L268-KPSLAMVIIVS	mcl1-102	amino_acid_insertion_and_deletion	269-815,L268LKPSLAMVIIVS			syntax_error			269-815|L268-KPSLAMVIIVS	partial_amino_acid_deletion:multiple_aa|amino_acid_insertion:multiple	PMID:15915339
SPAPB1E7.05	E845A,D847A	gde1-E845A,D847A	amino_acid_mutation	E846A,D848A	gde1-E846A,D848A		multi_shift_fix	E845|D847		E845A|D847A	amino_acid_mutation:single_aa|amino_acid_mutation:single_aa	PMID:35012333
SPAPB1E7.05	H810A,R811A	gde1-H810A,R811A	amino_acid_mutation	H811A,R812A	gde1-H811A,R812A		multi_shift_fix	H810|R811		H810A|R811A	amino_acid_mutation:single_aa|amino_acid_mutation:single_aa	PMID:35012333
SPAPB1E7.05	Y21F,K25A,N139A	gde1-Y21F,K25A,N139A	amino_acid_mutation	Y22F,K26A,N140A	gde1-Y22F,K26A,N140A		multi_shift_fix	Y21|K25|N139		Y21F|K25A|N139A	amino_acid_mutation:single_aa|amino_acid_mutation:single_aa|amino_acid_mutation:single_aa	PMID:35012333
SPBC11B10.09	TTGACG-287-ACACAT	cdc2-I2mut	nucleotide_mutation	TTGACG287ACACAT			syntax_error			TTGACG-287-ACACAT	nucleotide_mutation:multiple_nt	PMID:8665408
SPBC146.07	SRQARR-195-VALAEE	prp2-14	amino_acid_mutation	SRQARR195VALAEE			syntax_error			SRQARR-195-VALAEE	amino_acid_mutation:multiple_aa	PMID:9917066
SPBC146.07	FY-506-AA	prp2-FY506AA	amino_acid_mutation	FY506AA			syntax_error			FY-506-AA	amino_acid_mutation:multiple_aa	PMID:14730023
SPBC146.07	H423A,FY-506-AA	prp2-HFY-m	amino_acid_mutation	H423A,FY506AA			syntax_error			H423A|FY-506-AA	amino_acid_mutation:single_aa|amino_acid_mutation:multiple_aa	PMID:14730023
SPBC146.09c	KK-603-AA	lsd1-KK603AA	amino_acid_mutation	KK603AA			syntax_error			KK-603-AA	amino_acid_mutation:multiple_aa	PMID:17434129
SPBC14C8.07c	DE-286-AA	cdc18-DEAD	amino_acid_mutation	DE286AA			syntax_error			DE-286-AA	amino_acid_mutation:multiple_aa	PMID:10101168,PMID:11030343
SPBC15D4.01c	GKT-99-AAA	klp9-md	amino_acid_mutation	GKT99AAA			syntax_error			GKT-99-AAA	amino_acid_mutation:multiple_aa	PMID:19686686
SPBC1604.21c	E198-GRSRGRSRGTG	ptr3-LiL	amino_acid_insertion	E198EGRSRGRSRGTG			syntax_error			E198-GRSRGRSRGTG	amino_acid_insertion:multiple	PMID:23416107
SPBC16D10.04c	K961T		amino_acid_mutation	K960T			old_coords_fix, revision 20110324: complement(join(3592359..3592685,3592733..3593447,3593496..3596292,3596335..3596692))	K961		K961T	amino_acid_mutation:single_aa	PMID:22682245
SPBC16D10.09	PKIGEEDEE-252-AAAAAAAAA	pcn1-35	amino_acid_mutation	PKIGEEDEE252AAAAAAAAA			syntax_error			PKIGEEDEE-252-AAAAAAAAA	amino_acid_mutation:multiple_aa	PMID:10449724
SPBC16D10.09	EEDEE-256-AAAAA	pcn1-36	amino_acid_mutation	EEDEE256AAAAA			syntax_error			EEDEE-256-AAAAA	amino_acid_mutation:multiple_aa	PMID:10449724
SPBC16D10.09	PKIG-252-AAAA	pcn1-37	amino_acid_mutation	PKIG252AAAA			syntax_error			PKIG-252-AAAA	amino_acid_mutation:multiple_aa	PMID:10449724
SPBC1734.02c	DEE-309-AAA	cdc27-P1	amino_acid_mutation	DEE309AAA			syntax_error			DEE-309-AAA	amino_acid_mutation:multiple_aa	PMID:15579205
SPBC1734.02c	GF-312-AA	cdc27-P2	amino_acid_mutation	GF312AA			syntax_error			GF-312-AA	amino_acid_mutation:multiple_aa	PMID:15579205
SPBC1734.02c	KRR-294-AAA	cdc27-P3	amino_acid_mutation	KRR294AAA			syntax_error			KRR-294-AAA	amino_acid_mutation:multiple_aa	PMID:15579205
SPBC1734.02c	KRK-298-AAA	cdc27-P4	amino_acid_mutation	KRK298AAA			syntax_error			KRK-298-AAA	amino_acid_mutation:multiple_aa	PMID:15579205
SPBC1734.02c	KK-302-AA	cdc27-P5	amino_acid_mutation	KK302AA			syntax_error			KK-302-AA	amino_acid_mutation:multiple_aa	PMID:15579205
SPBC1734.02c	EEE-318-AAA	cdc27-P6	amino_acid_mutation	EEE318AAA			syntax_error			EEE-318-AAA	amino_acid_mutation:multiple_aa	PMID:15579205
SPBC1734.02c	EDE-327-AAA	cdc27-P7	amino_acid_mutation	EDE327AAA			syntax_error			EDE-327-AAA	amino_acid_mutation:multiple_aa	PMID:15579205
SPBC1734.02c	DEEGF-309-AAAAA	cdc27-Q1	amino_acid_mutation	DEEGF309AAAAA			syntax_error			DEEGF-309-AAAAA	amino_acid_mutation:multiple_aa	PMID:15579205
SPBC1734.02c	C782-C	cdc27-R22	nucleotide_insertion	C782CC			syntax_error			C782-C	nucleotide_insertion:single	PMID:15576681
SPBC1734.02c	C814-GTTGTTTGACATTCGATCCTTCCGTCTTCGGAAGACTAACTTATTGTAGCCTCGTGTTTTGAAAAAGGCACCTTCAACTCATTCCCCCCAATTATCTGTTCCCTCAAAGACATCGACAATC	cdc27-R25	nucleotide_insertion	C814CGTTGTTTGACATTCGATCCTTCCGTCTTCGGAAGACTAACTTATTGTAGCCTCGTGTTTTGAAAAAGGCACCTTCAACTCATTCCCCCCAATTATCTGTTCCCTCAAAGACATCGACAATC			syntax_error			C814-GTTGTTTGACATTCGATCCTTCCGTCTTCGGAAGACTAACTTATTGTAGCCTCGTGTTTTGAAAAAGGCACCTTCAACTCATTCCCCCCAATTATCTGTTCCCTCAAAGACATCGACAATC	nucleotide_insertion:multiple	PMID:15576681
SPBC1734.02c	A827-ATCGATAAGACTGACA	cdc27-R3	nucleotide_insertion	A827AATCGATAAGACTGACA			syntax_error			A827-ATCGATAAGACTGACA	nucleotide_insertion:multiple	PMID:15576681
SPBC1734.02c	A827-TCGACAATCGATAAGACTGACA	cdc27-R39	nucleotide_insertion	A827ATCGACAATCGATAAGACTGACA			syntax_error			A827-TCGACAATCGATAAGACTGACA	nucleotide_insertion:multiple	PMID:15576681
SPBC1734.02c	G1025-TTGTCTGAGCAAGCAAAGAGAGAGCGCGATGATCTGAAAAATATTATGCAGCTAGAAG	cdc27-R40	nucleotide_insertion	G1025GTTGTCTGAGCAAGCAAAGAGAGAGCGCGATGATCTGAAAAATATTATGCAGCTAGAAG			syntax_error			G1025-TTGTCTGAGCAAGCAAAGAGAGAGCGCGATGATCTGAAAAATATTATGCAGCTAGAAG	nucleotide_insertion:multiple	PMID:15576681
SPBC1734.02c	T1101-CATAAAGAAAAGGAGCCTCTCTTGCCAAAGGAGGAGAAGTTGTCTGAGCAAGCAAAGAGAGAGCGCGATGATCTGAAAAATATTATGCAGCTAGAAGATGAATCAGTATCTACCACTAGCGTTCACGATTCTGAAGATGATAATTTAGATTCTAATAATTTCCAATTGGAAAT	cdc27-R5	nucleotide_insertion	T1101TCATAAAGAAAAGGAGCCTCTCTTGCCAAAGGAGGAGAAGTTGTCTGAGCAAGCAAAGAGAGAGCGCGATGATCTGAAAAATATTATGCAGCTAGAAGATGAATCAGTATCTACCACTAGCGTTCACGATTCTGAAGATGATAATTTAGATTCTAATAATTTCCAATTGGAAAT			syntax_error			T1101-CATAAAGAAAAGGAGCCTCTCTTGCCAAAGGAGGAGAAGTTGTCTGAGCAAGCAAAGAGAGAGCGCGATGATCTGAAAAATATTATGCAGCTAGAAGATGAATCAGTATCTACCACTAGCGTTCACGATTCTGAAGATGATAATTTAGATTCTAATAATTTCCAATTGGAAAT	nucleotide_insertion:multiple	PMID:15576681
SPBC1734.06	CSH-44-SGA	rhp18-1	amino_acid_mutation	CSH44SGA			syntax_error			CSH-44-SGA	amino_acid_mutation:multiple_aa	PMID:17277362
SPBC1A4.03c	2-41,M1-PKKKRKV	top2-1-40/SV	amino_acid_insertion_and_mutation	2-41,M1MPKKKRKV		amino_acid_insertion_and_deletion	syntax_and_type_error			2-41|M1-PKKKRKV	partial_amino_acid_deletion:multiple_aa|amino_acid_insertion:multiple	PMID:1332977
SPBC1A4.03c	2-75,M1-PKKKRKV	top2-1-74/SV	amino_acid_insertion_and_mutation	2-75,M1MPKKKRKV		amino_acid_insertion_and_deletion	syntax_and_type_error			2-75|M1-PKKKRKV	partial_amino_acid_deletion:multiple_aa|amino_acid_insertion:multiple	PMID:1332977
SPBC1A4.03c	27-41,T26-PKKKRKV	top2-26-40/SV	amino_acid_insertion_and_mutation	27-41,T26TPKKKRKV		amino_acid_insertion_and_deletion	syntax_and_type_error			27-41|T26-PKKKRKV	partial_amino_acid_deletion:multiple_aa|amino_acid_insertion:multiple	PMID:1332977
SPBC20F10.04c	T174-GGGGSGGGGSGGGGSGGGGSGGGGSGGGGS	nse4-ext	amino_acid_insertion	T174TGGGGSGGGGSGGGGSGGGGSGGGGSGGGGS			syntax_error			T174-GGGGSGGGGSGGGGSGGGGSGGGGSGGGGS	amino_acid_insertion:multiple	PMID:32546830
SPBC211.04c	DE-540-AA	mcm6-DE-AA	amino_acid_mutation	DE540AA			syntax_error			DE-540-AA	amino_acid_mutation:multiple_aa	PMID:11973289
SPBC211.04c	KS-482-AA	mcm6-KS-AA	amino_acid_mutation	KS482AA			syntax_error			KS-482-AA	amino_acid_mutation:multiple_aa	PMID:11973289
SPBC211.04c	KS-482-AA,864-892	mcm6truncated-KS-AA	amino_acid_deletion_and_mutation	KS482AA,864-892			syntax_error			KS-482-AA|864-892	amino_acid_mutation:multiple_aa|partial_amino_acid_deletion:multiple_aa	PMID:11973289
SPBC215.05	TTACGTCA-(-324)-CGGAAGACTCTCCTCCG	gpd1-G4BS	nucleotide_mutation	TTACGTCA(-324)CGGAAGACTCTCCTCCG			syntax_error			TTACGTCA-(-324)-CGGAAGACTCTCCTCCG	nucleotide_mutation:multiple_nt	PMID:25122751
SPBC23E6.02	VIALK-100-AAAAK,ITIDV-143-ATADA,VIVVS-186-AAAAS,LPVLS-236-APAAS,PISLS-285-AASAS,VILPG-308-AAAPG	rrp2-SIM(1-6)*	amino_acid_mutation	VIALK100AAAAK,ITIDV143ATADA,VIVVS186AAAAS,LPVLS236APAAS,PISLS285AASAS,VILPG308AAAPG			syntax_error			VIALK-100-AAAAK|ITIDV-143-ATADA|VIVVS-186-AAAAS|LPVLS-236-APAAS|PISLS-285-AASAS|VILPG-308-AAAPG	amino_acid_mutation:multiple_aa|amino_acid_mutation:multiple_aa|amino_acid_mutation:multiple_aa|amino_acid_mutation:multiple_aa|amino_acid_mutation:multiple_aa|amino_acid_mutation:multiple_aa	PMID:28552615
SPBC23E6.07c	I753-QGVPL	rfc1-43	amino_acid_insertion	I753IQGVPL			syntax_error			I753-QGVPL	amino_acid_insertion:multiple	PMID:16040599
SPBC23E6.07c	S811-IRGTP	rfc1-44	amino_acid_insertion	S811SIRGTP			syntax_error			S811-IRGTP	amino_acid_insertion:multiple	PMID:16040599,PMID:21493688,PMID:26368543
SPBC23E6.07c	A601-VRGTP	rfc1-45	amino_acid_insertion	A601AVRGTP			syntax_error			A601-VRGTP	amino_acid_insertion:multiple	PMID:16040599
SPBC23E6.07c	G852-SRGTP	rfc1-46	amino_acid_insertion	G852GSRGTP			syntax_error			G852-SRGTP	amino_acid_insertion:multiple	PMID:16040599
SPBC23E6.07c	K676-HLGAP	rfc1-47	amino_acid_insertion	K676KHLGAP			syntax_error			K676-HLGAP	amino_acid_insertion:multiple	PMID:16040599
SPBC23E6.07c	L622-HGGVP	rfc1-48	amino_acid_insertion	L622LHGGVP			syntax_error			L622-HGGVP	amino_acid_insertion:multiple	PMID:16040599
SPBC23E6.07c	K638-LGVPQ	rfc1-49	amino_acid_insertion	K638KLGVPQ			syntax_error			K638-LGVPQ	amino_acid_insertion:multiple	PMID:16040599
SPBC23E6.07c	E871-VGVPH	rfc1-50	amino_acid_insertion	E871EVGVPH			syntax_error			E871-VGVPH	amino_acid_insertion:multiple	PMID:16040599
SPBC23E6.07c	P858-MKGYP	rfc1-51	amino_acid_insertion	P858PMKGYP			syntax_error			P858-MKGYP	amino_acid_insertion:multiple	PMID:16040599
SPBC23E6.07c	M880-LGVPL	rfc1-52	amino_acid_insertion	M880MLGVPL			syntax_error			M880-LGVPL	amino_acid_insertion:multiple	PMID:16040599
SPBC23E6.07c	Y650-LMGVP	rfc1-53	amino_acid_insertion	Y650YLMGVP			syntax_error			Y650-LMGVP	amino_acid_insertion:multiple	PMID:16040599
SPBC23E6.07c	L780-PVGVP	rfc1-54	amino_acid_insertion	L780LPVGVP			syntax_error			L780-PVGVP	amino_acid_insertion:multiple	PMID:16040599
SPBC31E1.02c	W880*	pmr1-W880*	nonsense_mutation			partial_amino_acid_deletion	type_error			W880*	nonsense_mutation:stop_codon_star	PMID:31201205
SPBC31F10.14c	C808*	hip3-C808*	amino_acid_mutation			partial_amino_acid_deletion	type_error			C808*	nonsense_mutation:stop_codon_star	PMID:34580178
SPBC336.04	A2955-AAAAGCTAGCTCTTTACTTCATGGTGA	cdc6-R37	nucleotide_insertion	A2955AAAAAGCTAGCTCTTTACTTCATGGTGA			syntax_error			A2955-AAAAGCTAGCTCTTTACTTCATGGTGA	nucleotide_insertion:multiple	PMID:15576681
SPBC336.04	AP-143-VS	cdc6-ts1	amino_acid_mutation	AP143VS			syntax_error			AP-143-VS	amino_acid_mutation:multiple_aa	PMID:12697806,PMID:7700230,PMID:8367300,PMID:9794798,PMID:9891047
SPBC36.12c	S345-SYTESNGTALSTNWKDVKS	git7-93	amino_acid_insertion	S345SSYTESNGTALSTNWKDVKS			syntax_error			S345-SYTESNGTALSTNWKDVKS	amino_acid_insertion:multiple	PMID:12456004
SPBC3H7.13		csc1::ura4+	disruption	csc1::ura4			syntax_error			csc1::ura4+	disruption:usual	PMID:23874188
SPBC409.07c	S605-PKKKRKV	wis1-NLS	amino_acid_insertion	S605SPKKKRKV			syntax_error			S605-PKKKRKV	amino_acid_insertion:multiple	PMID:12181336
SPBC428.08c	KRRKR-58-NEHG	clr4-alpha-mut	amino_acid_mutation	KRRKR58NEHG			syntax_error			KRRKR-58-NEHG	amino_acid_mutation:multiple_aa	PMID:22727667
SPBC428.18	Q6A,L9E,FSV-11-EEE	cdt1-PIP28A5	amino_acid_mutation	Q6A,L9E,FSV11EEE			syntax_error			Q6A|L9E|FSV-11-EEE	amino_acid_mutation:single_aa|amino_acid_mutation:single_aa|amino_acid_mutation:multiple_aa	PMID:21493688
SPBC428.18	Q6A,L9A,FSVRK-11-AAAAA,R17A	cdt1-PIP28A8	amino_acid_mutation	Q6A,L9A,FSVRK11AAAAA,R17A			syntax_error			Q6A|L9A|FSVRK-11-AAAAA|R17A	amino_acid_mutation:single_aa|amino_acid_mutation:single_aa|amino_acid_mutation:multiple_aa|amino_acid_mutation:single_aa	PMID:21493688
SPBC428.18	Q6A,L9A,FSVRK-11-AAAAA,R17A,Q279A,LRQSS-282-AAAAA,R290A,RKK-292-AAA	cdt1-PIP28A8-PIP301A10	amino_acid_mutation	Q6A,L9A,FSVRK11AAAAA,R17A,Q279A,LRQSS282AAAAA,R290A,RKK292AAA			syntax_error			Q6A|L9A|FSVRK-11-AAAAA|R17A|Q279A|LRQSS-282-AAAAA|R290A|RKK-292-AAA	amino_acid_mutation:single_aa|amino_acid_mutation:single_aa|amino_acid_mutation:multiple_aa|amino_acid_mutation:single_aa|amino_acid_mutation:single_aa|amino_acid_mutation:multiple_aa|amino_acid_mutation:single_aa|amino_acid_mutation:multiple_aa	PMID:21493688
SPBC428.18	RK-14-AA,R17A,KR-21-AA	cdt1-PIP28RKs	amino_acid_mutation	RK14AA,R17A,KR21AA			syntax_error			RK-14-AA|R17A|KR-21-AA	amino_acid_mutation:multiple_aa|amino_acid_mutation:single_aa|amino_acid_mutation:multiple_aa	PMID:21493688
SPBC428.18	Q279A,LRQSS-282-AAAAA,R290A,RKK-292-AAA	cdt1-PIP301A10	amino_acid_mutation	Q279A,LRQSS282AAAAA,R290A,RKK292AAA			syntax_error			Q279A|LRQSS-282-AAAAA|R290A|RKK-292-AAA	amino_acid_mutation:single_aa|amino_acid_mutation:multiple_aa|amino_acid_mutation:single_aa|amino_acid_mutation:multiple_aa	PMID:21493688
SPBC4F6.09	AGATAA-(-870)-GCCGTC	str1-promoter-mut-CYC1-lacZ	nucleotide_mutation	AGATAA(-870)GCCGTC			syntax_error			AGATAA-(-870)-GCCGTC	nucleotide_mutation:multiple_nt	PMID:12888492
SPBC4F6.12	S3-AD,S24D,S31D,T55D,T64D,S67D,S97D,S136D,T214D	pxl1-9D-(Cdk1-phosphomimetic)	amino_acid_insertion_and_mutation	S3SAD,S24D,S31D,T55D,T64D,S67D,S97D,S136D,T214D			syntax_error			S3-AD|S24D|S31D|T55D|T64D|S67D|S97D|S136D|T214D	amino_acid_insertion:multiple|amino_acid_mutation:single_aa|amino_acid_mutation:single_aa|amino_acid_mutation:single_aa|amino_acid_mutation:single_aa|amino_acid_mutation:single_aa|amino_acid_mutation:single_aa|amino_acid_mutation:single_aa|amino_acid_mutation:single_aa	PMID:34133210
SPBC4F6.12	PTLPLQ-181-AAAAAA	pxl1-M3	amino_acid_mutation	PTLPLQ181AAAAAA			syntax_error			PTLPLQ-181-AAAAAA	amino_acid_mutation:multiple_aa	PMID:30332655
SPBC4F6.12	PILGIS-384-AAAAAA	pxl1-M4	amino_acid_mutation	PILGIS384AAAAAA			syntax_error			PILGIS-384-AAAAAA	amino_acid_mutation:multiple_aa	PMID:30332655
SPBC6B1.09c	DD-603-NN	nbs1-10	amino_acid_mutation	DD603NN			syntax_error			DD-603-NN	amino_acid_mutation:multiple_aa	PMID:15964794,PMID:29851556
SPBC776.12c	KK-129-RS	hsk1-KK	amino_acid_mutation	KK129RS			syntax_error			KK-129-RS	amino_acid_mutation:multiple_aa	PMID:10409743
SPBC800.07c	A218-A	tsf1-asd5	nucleotide_insertion	A218AA			syntax_error			A218-A	nucleotide_insertion:single	PMID:15695360
SPBC83.14c	T75-PSRGT	rfc5-S1	amino_acid_insertion	T75TPSRGT			syntax_error			T75-PSRGT	amino_acid_insertion:multiple	PMID:16040599
SPBC83.14c	P76-SRGTP	rfc5-S6	amino_acid_insertion	P76PSRGTP			syntax_error			P76-SRGTP	amino_acid_insertion:multiple	PMID:16040599
SPBC887.03c	IIPGY-271-AAAAA	noc1-IIPGY-271-AAAAA	amino_acid_mutation	IIPGY271AAAAA			syntax_error			IIPGY-271-AAAAA	amino_acid_mutation:multiple_aa	PMID:18606828
SPBC8E4.01c	TATATATA-(-184)-CGCGCGCG	pho84-TATA box mutant	nucleotide_mutation	TATATATA(-184)CGCGCGCG			syntax_error			TATATATA-(-184)-CGCGCGCG	nucleotide_mutation:multiple_nt	PMID:29414789
SPBPJ4664.05	CGC-152-TTT,T194C	SPBPJ4664.05-cis-splicing-consensus	nucleotide_mutation	CGC152TTT,T194C			syntax_error			CGC-152-TTT|T194C	nucleotide_mutation:multiple_nt|nucleotide_mutation:single_nt	PMID:28446597
SPCC10H11.01	DPLD-303-AAAA	prp11-AAAA	amino_acid_mutation	DPLD303AAAA			syntax_error			DPLD-303-AAAA	amino_acid_mutation:multiple_aa	PMID:22064476
SPCC10H11.01	DP-303-AA	prp11-AALD	amino_acid_mutation	DP303AA			syntax_error			DP-303-AA	amino_acid_mutation:multiple_aa	PMID:22064476
SPCC10H11.01	LD-305-AA	prp11-DPAA	amino_acid_mutation	LD305AA			syntax_error			LD-305-AA	amino_acid_mutation:multiple_aa	PMID:22064476
SPCC1494.03	TAA-1708-CCC	arz1-CCC	nucleotide_mutation	TAA1708CCC			syntax_error			TAA-1708-CCC	nucleotide_mutation:multiple_nt	PMID:18042546
SPCC188.07	KR-54-AA	ccq1-KR54AA	amino_acid_mutation	KR54AA			syntax_error			KR-54-AA	amino_acid_mutation:multiple_aa	PMID:29216371
SPCC18B5.11c	TQATQEAPLHVS-8-TQPSQVDSLVPT	cds1-S2T	amino_acid_mutation	TQATQEAPLHVS8TQPSQVDSLVPT			syntax_error			TQATQEAPLHVS-8-TQPSQVDSLVPT	amino_acid_mutation:multiple_aa	PMID:14585996
SPCC18B5.11c	TQATQEAPLHVS-8-AQPAQVDSLVPA	cds1-S2TA	amino_acid_mutation	TQATQEAPLHVS8AQPAQVDSLVPA			syntax_error			TQATQEAPLHVS-8-AQPAQVDSLVPA	amino_acid_mutation:multiple_aa	PMID:14585996
SPCC18B5.11c	TQATQEAPLHVS-8-TQPSQVDSLVPA	cds1-T645A	amino_acid_mutation	TQATQEAPLHVS8TQPSQVDSLVPA			syntax_error			TQATQEAPLHVS-8-TQPSQVDSLVPA	amino_acid_mutation:multiple_aa	PMID:14585996
SPCC285.09c	T1366-T	cgs2-2	nucleotide_insertion	T1366TT			syntax_error			T1366-T	nucleotide_insertion:single	PMID:8227198
SPCC285.11	T126*	partial_amino_acid_deletion	amino_acid_mutation			partial_amino_acid_deletion	type_error			T126*	nonsense_mutation:stop_codon_star	PMID:22086920
SPCC297.03	VEV-431-AAA,EV-437-AA	ssp1-stretch Ala	amino_acid_mutation	VEV431AAA,EV437AA			syntax_error			VEV-431-AAA|EV-437-AA	amino_acid_mutation:multiple_aa|amino_acid_mutation:multiple_aa	PMID:19371376
SPCC306.03c	T117I		amino_acid_insertion_and_mutation			amino_acid_mutation	type_error			T117I	amino_acid_mutation:single_aa	PMID:31072933
SPCC31H12.05c	313-322,A312-TPPRKNKTGNSK	sds21-TPPR	amino_acid_insertion_and_deletion	313-322,A312ATPPRKNKTGNSK			syntax_error			313-322|A312-TPPRKNKTGNSK	partial_amino_acid_deletion:multiple_aa|amino_acid_insertion:multiple	PMID:7957097
SPCC338.08	60-100	ctp1-delta60-100	amino_acid_mutation			partial_amino_acid_deletion	type_error			60-100	partial_amino_acid_deletion:multiple_aa	PMID:25580577
SPCC417.07c	DNLRKEVFG-259-AAAAAAAAA	mto1-9A1	amino_acid_mutation	DNLRKEVFG259AAAAAAAAA			syntax_error			DNLRKEVFG-259-AAAAAAAAA	amino_acid_mutation:multiple_aa	PMID:19001497
SPCC417.07c	GLKLKCYFL-267-AAAAAAAAA	mto1-9A2	amino_acid_mutation	GLKLKCYFL267AAAAAAAAA			syntax_error			GLKLKCYFL-267-AAAAAAAAA	amino_acid_mutation:multiple_aa	PMID:19001497,PMID:31483748
SPCC417.07c	QDIMKQNID-288-AAAAAAAAA	mto1-9A3	amino_acid_mutation	QDIMKQNID288AAAAAAAAA			syntax_error			QDIMKQNID-288-AAAAAAAAA	amino_acid_mutation:multiple_aa	PMID:19001497
SPCC4B3.15	RKKRK-691-QNSQS	mid1-delta-NLS*	amino_acid_mutation	RKKRK691QNSQS			syntax_error			RKKRK-691-QNSQS	amino_acid_mutation:multiple_aa	PMID:10930468
SPCC622.09	G52D		amino_acid_mutation	G53D			histone_fix	G52		G52D	amino_acid_mutation:single_aa	PMID:29352077
SPCC645.05c	GAGKT-173-AAAAA	myo2delta-ATP	amino_acid_mutation	GAGKT173AAAAA			syntax_error			GAGKT-173-AAAAA	amino_acid_mutation:multiple_aa	PMID:10022828
SPCC757.07c	ATGACGT-(-428)-CGGAAGACTCTCCTCCG	ctt1-G4BS	nucleotide_mutation	ATGACGT(-428)CGGAAGACTCTCCTCCG			syntax_error			ATGACGT-(-428)-CGGAAGACTCTCCTCCG	nucleotide_mutation:multiple_nt	PMID:25122751
SPCP31B10.03c	F23-LVRIC	med31-ins	amino_acid_insertion	F23FLVRIC			syntax_error			F23-LVRIC	amino_acid_insertion:multiple	PMID:27738016
SPNCRNA.1698	T543A,G549C,A554T,A560-T,T561A,C570G,G573A,C579G,T582A	nc-tgp-+5_seb1_bs	nucleotide_insertion_and_mutation	T543A,G549C,A554T,A560AT,T561A,C570G,G573A,C579G,T582A			syntax_error			T543A|G549C|A554T|A560-T|T561A|C570G|G573A|C579G|T582A	nucleotide_mutation:single_nt|nucleotide_mutation:single_nt|nucleotide_mutation:single_nt|nucleotide_insertion:single|nucleotide_mutation:single_nt|nucleotide_mutation:single_nt|nucleotide_mutation:single_nt|nucleotide_mutation:single_nt|nucleotide_mutation:single_nt	PMID:32499400
SPNCRNA.1712	AATAAA-568-GGCGGG	nc-pho1-PAS-2-mut	nucleotide_mutation	AATAAA568GGCGGG			syntax_error			AATAAA-568-GGCGGG	nucleotide_mutation:multiple_nt	PMID:30355770
SPNCRNA.1712	ATTTTT-342-CTCGAG	nc-pho1-PAS-mut	nucleotide_mutation	ATTTTT342CTCGAG			syntax_error			ATTTTT-342-CTCGAG	nucleotide_mutation:multiple_nt	PMID:30355770
SPNCRNA.214	CATG-1052-AAAA	ter1-CATG/(A)4	nucleotide_mutation	CATG1052AAAA			syntax_error			CATG-1052-AAAA	nucleotide_mutation:multiple_nt	PMID:26305931
SPNCRNA.214	TTTT-1065-AAAA	ter1-STEloop	nucleotide_mutation	TTTT1065AAAA			syntax_error			TTTT-1065-AAAA	nucleotide_mutation:multiple_nt	PMID:26305931
SPNCRNA.82	T372A,C373A,C375-G,T378G	mrp1-LoopA	nucleotide_insertion_and_mutation	T372A,C373A,C375CG,T378G			syntax_error			T372A|C373A|C375-G|T378G	nucleotide_mutation:single_nt|nucleotide_mutation:single_nt|nucleotide_insertion:single|nucleotide_mutation:single_nt	PMID:8948095
SPNCRNA.98	A163U,C169U	srp7-A163T,C169T	nucleotide_mutation	A163T,C169T			syntax_error			A163U|C169U	nucleotide_mutation:single_nt|nucleotide_mutation:single_nt	PMID:1315954
SPNCRNA.98	C176-T,C180T	srp7-C180U,omega176U	nucleotide_insertion_and_mutation	C176CT,C180T			syntax_error			C176-T|C180T	nucleotide_insertion:single|nucleotide_mutation:single_nt	PMID:1315954
SPNCRNA.98	T158-GC,C164-GC	srp7-D4E-1	nucleotide_insertion	T158TGC,C164CGC			syntax_error			T158-GC|C164-GC	nucleotide_insertion:multiple|nucleotide_insertion:multiple	PMID:8390662
SPNCRNA.98	T158-GC,G160C,C164-GC	srp7-D4E-2	nucleotide_insertion_and_mutation	T158TGC,G160C,C164CGC			syntax_error			T158-GC|G160C|C164-GC	nucleotide_insertion:multiple|nucleotide_mutation:single_nt|nucleotide_insertion:multiple	PMID:8390662
SPNCRNA.98	C164-GC	srp7-D4E-3	nucleotide_insertion	C164CGC			syntax_error			C164-GC	nucleotide_insertion:multiple	PMID:8390662
SPNCRNA.98	GAAA-160-TTTC	srp7-PTL1-1	nucleotide_mutation	GAAA160TTTC			syntax_error			GAAA-160-TTTC	nucleotide_mutation:multiple_nt	PMID:8390662
SPNCRNA.98	GAAA-160-CTTC	srp7-PTL1-2	nucleotide_mutation	GAAA160CTTC			syntax_error			GAAA-160-CTTC	nucleotide_mutation:multiple_nt	PMID:8390662
SPNCRNA.98	GAAAC-160-CTTCA	srp7-PTL2C	nucleotide_mutation	GAAAC160CTTCA			syntax_error			GAAAC-160-CTTCA	nucleotide_mutation:multiple_nt	PMID:8390662
SPNCRNA.98	GAAAC-160-TTTCA	srp7-PTL2U	nucleotide_mutation	GAAAC160TTTCA			syntax_error			GAAAC-160-TTTCA	nucleotide_mutation:multiple_nt	PMID:8390662
SPNCRNA.98	GAAAC-160-TTCGG	srp7-STL1-1	nucleotide_mutation	GAAAC160TTCGG			syntax_error			GAAAC-160-TTCGG	nucleotide_mutation:multiple_nt	PMID:8390662
SPNCRNA.98	GGAAA-159-CTTCG	srp7-STL1-2	nucleotide_mutation	GGAAA159CTTCG			syntax_error			GGAAA-159-CTTCG	nucleotide_mutation:multiple_nt	PMID:8390662
SPNCRNA.98	GAAA-160-TTCG	srp7-STL1-3	nucleotide_mutation	GAAA160TTCG			syntax_error			GAAA-160-TTCG	nucleotide_mutation:multiple_nt	PMID:8382769,PMID:8390662
SPNCRNA.98	GGAAAC-159-CTTCGG	srp7-STL2-1	nucleotide_mutation	GGAAAC159CTTCGG			syntax_error			GGAAAC-159-CTTCGG	nucleotide_mutation:multiple_nt	PMID:8382769,PMID:8390662
SPSNRNA.01	T(-1)-AT	snu1-5' extension	nucleotide_insertion	T(-1)TAT			syntax_error			T(-1)-AT	nucleotide_insertion:multiple	PMID:8665408
SPSNRNA.02	CTTCTTCT-189-TACTAGTG	snu2-M1	nucleotide_mutation	CTTCTTCT189TACTAGTG			syntax_error			CTTCTTCT-189-TACTAGTG	nucleotide_mutation:multiple_nt	PMID:10445882
SPSNRNA.02	GTTGACAG-197-TACTAGTA	snu2-M2	nucleotide_mutation	GTTGACAG197TACTAGTA			syntax_error			GTTGACAG-197-TACTAGTA	nucleotide_mutation:multiple_nt	PMID:10445882
SPSNRNA.02	ATTTGTGA-205-GACTAGTC	snu2-M3	nucleotide_mutation	ATTTGTGA205GACTAGTC			syntax_error			ATTTGTGA-205-GACTAGTC	nucleotide_mutation:multiple_nt	PMID:10445882
SPSNRNA.02	CGCATGAAT-213-ATACTAGTC	snu2-M4	nucleotide_mutation	CGCATGAAT213ATACTAGTC			syntax_error			CGCATGAAT-213-ATACTAGTC	nucleotide_mutation:multiple_nt	PMID:10445882
SPSNRNA.02	TTGACAAC-222-GGACTAGT	snu2-M5	nucleotide_mutation	TTGACAAC222GGACTAGT			syntax_error			TTGACAAC-222-GGACTAGT	nucleotide_mutation:multiple_nt	PMID:10445882
SPSNRNA.02	ATTGGATGG-230-GACTAGTCC	snu2-M6	nucleotide_mutation	ATTGGATGG230GACTAGTCC			syntax_error			ATTGGATGG-230-GACTAGTCC	nucleotide_mutation:multiple_nt	PMID:10445882
SPSNRNA.02	TTTAGGAT-239-CGACTAGT	snu2-M7	nucleotide_mutation	TTTAGGAT239CGACTAGT			syntax_error			TTTAGGAT-239-CGACTAGT	nucleotide_mutation:multiple_nt	PMID:10445882
SPSNRNA.04	GAATA-111-ACGCG	snu4-5	nucleotide_mutation	GAATA111ACGCG			syntax_error			GAATA-111-ACGCG	nucleotide_mutation:multiple_nt	PMID:1441744
SPSNRNA.04	AAAACT-67-CCCGGG	snu4-6	nucleotide_mutation	AAAACT67CCCGGG			syntax_error			AAAACT-67-CCCGGG	nucleotide_mutation:multiple_nt	PMID:1441744
SPSNRNA.04	GCTAGT-59-CGATCG	snu4-7	nucleotide_mutation	GCTAGT59CGATCG			syntax_error			GCTAGT-59-CGATCG	nucleotide_mutation:multiple_nt	PMID:1441744
SPSNRNA.07	GTG-295-ACA	snu32-+41	nucleotide_mutation	GTG295ACA			syntax_error			GTG-295-ACA	nucleotide_mutation:multiple_nt	PMID:20609363
SPSNRNA.07	AA-300-TT	snu32-+46	nucleotide_mutation	AA300TT			syntax_error			AA-300-TT	nucleotide_mutation:multiple_nt	PMID:20609363
SPSNRNA.07	TGT-303-ACA	snu32-+50	nucleotide_mutation	TGT303ACA			syntax_error			TGT-303-ACA	nucleotide_mutation:multiple_nt	PMID:20609363
SPSNRNA.07	AA-309-TT	snu32-+56	nucleotide_mutation	AA309TT			syntax_error			AA-309-TT	nucleotide_mutation:multiple_nt	PMID:20609363
