systematic_id	allele_description	gene_name	allele_name	allele_synonym	allele_type	reference	allele_parts	needs_fixing	change_description_to	rules_applied	pattern_error	invalid_error	sequence_error	change_type_to
SPAC12G12.14c	G398A	pfs2	pfs2-209		nucleotide_mutation	PMID:15466421	G398A	True		nucleotide_mutation:single_nt			G398	
SPAC13C5.02	G350A	dre4	dre4-54		nucleotide_mutation	PMID:15466421	G350A	True		nucleotide_mutation:single_nt			G350	
SPAC14C4.13	C1231T	rad17	rad17-d14		nucleotide_mutation	PMID:10683155	C1231T	True		nucleotide_mutation:single_nt			C1231	
SPAC17H9.20	D1132E	psc3	psc3-D1132E		amino_acid_mutation	PMID:26583750	D1132E	True		amino_acid_mutation:single_aa			position 1132 does not exist, peptide length is 963	
SPAC1834.06c	T236A	pmo25	pmo25-35		nucleotide_mutation	PMID:16096637,PMID:20826805,PMID:23649273	T236A	True		nucleotide_mutation:single_nt			T236>T235	
SPAC1834.06c	T613G	pmo25	pmo25-2		nucleotide_mutation	PMID:16325501	T613G	True		nucleotide_mutation:single_nt			T613>T612	
SPAC19A8.12	D21A	dcp2	dcp2-D21A		amino_acid_mutation	PMID:18280239	D21A	True		amino_acid_mutation:single_aa			D21	
SPAC19A8.12	N29A	dcp2	dcp2-N29A		amino_acid_mutation	PMID:18280239	N29A	True		amino_acid_mutation:single_aa			N29	
SPAC19A8.12	V24A,I28A	dcp2	dcp2-V24A,I28A		amino_acid_mutation	PMID:18280239	V24A|I28A	True		amino_acid_mutation:single_aa|amino_acid_mutation:single_aa			V24|I28	
SPAC22A12.15c	G373C	bip1	bip1-G373C		nucleotide_mutation	PMID:23066505	G373C	True		nucleotide_mutation:single_nt			G373	
SPAC22A12.15c	G373U	bip1	bip1-G373U		nucleotide_mutation	PMID:23066505	G373U	True	G373T	nucleotide_mutation:single_nt			G373	
SPAC23C4.18c	T412A	rad4	rad4-T412A		amino_acid_mutation	PMID:24663817	T412A	True		amino_acid_mutation:single_aa			T412	
SPAC23E2.01	C-188A,C-187A,A-186C,A-185C,T-184G	fep1	fep1 CCAAT promoter mutant		nucleotide_mutation	PMID:18223116	C-188A|C-187A|A-186C|A-185C|T-184G	True	C(-188)A,C(-187)A,A(-186)C,A(-185)C,T(-184)G	nucleotide_mutation:single_nt|nucleotide_mutation:single_nt|nucleotide_mutation:single_nt|nucleotide_mutation:single_nt|nucleotide_mutation:single_nt			C-188>C-187||A-186>A-185||T-184>T-183	
SPAC23E2.02	1109-1273	lsd2	lsd2-deltaHMG		partial_amino_acid_deletion	PMID:32295063	1109-1273	True		partial_amino_acid_deletion:multiple_aa			position 1273 does not exist, peptide length is 1236	
SPAC23E2.02	1203-1273	lsd2	lsd2-deltaC		partial_amino_acid_deletion	PMID:32295063	1203-1273	True		partial_amino_acid_deletion:multiple_aa			position 1273 does not exist, peptide length is 1236	
SPAC25H1.03	L30R,H31R	atg101	atg101-L30R,H31R		amino_acid_mutation	PMID:26030876	L30R|H31R	True		amino_acid_mutation:single_aa|amino_acid_mutation:single_aa			L30|H31>H30	
SPAC26A3.02	1-244,462-523	myh1	myh1-245-461		partial_amino_acid_deletion	PMID:24559510	1-244|462-523	True		partial_amino_acid_deletion:multiple_aa|partial_amino_acid_deletion:multiple_aa			|position 523 does not exist, peptide length is 462	
SPAC26A3.02	1-293,462-523	myh1	myh1-294-461		partial_amino_acid_deletion	PMID:24559510	1-293|462-523	True		partial_amino_acid_deletion:multiple_aa|partial_amino_acid_deletion:multiple_aa			|position 523 does not exist, peptide length is 462	
SPAC27D7.03c	-G1512T	mei2	mei2--G1512T		nucleotide_mutation	PMID:1657709	G1512T	True	G1512T	nucleotide_mutation:single_nt			G1512	
SPAC27D7.03c	-G1512T,-G1692T	mei2	mei2--G1512T,-G1692T		nucleotide_mutation	PMID:1657709	G1512T|G1692T	True	G1512T,G1692T	nucleotide_mutation:single_nt|nucleotide_mutation:single_nt			G1512|G1692	
SPAC27F1.09c	A1089V,S1097F	prp10	prp10-1		amino_acid_mutation	PMID:11350031,PMID:20018856,PMID:32168916,PMID:9003295	A1089V|S1097F	True		amino_acid_mutation:single_aa|amino_acid_mutation:single_aa			A1089|S1097	
SPAC2G11.15c	D140A	tgs1	tgs1-D140A		amino_acid_mutation	PMID:17284461	D140A	True		amino_acid_mutation:single_aa			D140	
SPAC2G11.15c	N103A	tgs1	tgs1-N103A		amino_acid_mutation	PMID:17284461	N103A	True		amino_acid_mutation:single_aa			N103	
SPAC2G11.15c	T40A	tgs1	tgs1-T40A		amino_acid_mutation	PMID:17284461	T40A	True		amino_acid_mutation:single_aa			T40	
SPAC3G9.04	E87->stop	ssu72	ssu72-1-86		nonsense_mutation	PMID:31269446	E87->stop	True	E87*	nonsense_mutation:stop_codon_text			E87	
SPAC3H5.06c	C1388T,C1870T,G3547A	pol1	pol1-ts17	polalpha-ts17	nucleotide_mutation	PMID:9693370	C1388T|C1870T|G3547A	True		nucleotide_mutation:single_nt|nucleotide_mutation:single_nt|nucleotide_mutation:single_nt			C1388|C1870|G3547	
SPAC3H5.06c	C2519T	pol1	pol1-ts11	polalpha-ts11	nucleotide_mutation	PMID:11581276,PMID:12697806,PMID:9693370,PMID:9891047	C2519T	True		nucleotide_mutation:single_nt			C2519	
SPAC57A10.03	1-179	cyp1	cyp1-(180-557)		partial_amino_acid_deletion	PMID:11690648	1-179	True		partial_amino_acid_deletion:multiple_aa			position 179 does not exist, peptide length is 156	
SPAC644.14c	AGGTG-236CTTCA,AGGTA187CTTCG	rad51	rad51-CT2CA		nucleotide_mutation	PMID:11073995	AGGTG-236CTTCA|AGGTA187CTTCG	True	AGGTG-(-236)-CTTCA,AGGTA-187-CTTCG	nucleotide_mutation:multiple_nt|nucleotide_mutation:multiple_nt			A-236/G-235/G-234>G-233/T-233>T-232/G-232>G-233|G188/G189/T190>T189	
SPAC644.14c	E344K	rad51	loh4-1		amino_acid_mutation	PMID:19798055	E344K	True		amino_acid_mutation:single_aa			E344>E345>E343	
SPAC644.14c	G-188T,G-237T	rad51	rad51-ATGTG		nucleotide_mutation	PMID:11073995	G-188T|G-237T	True	G(-188)T,G(-237)T	nucleotide_mutation:single_nt|nucleotide_mutation:single_nt			G-188>G-187>G-189|G-237	
SPAC644.14c	GGT-237TTC,GGT-188TTC	rad51	rad51-AT2CG		nucleotide_mutation	PMID:11073995	GGT-237TTC|GGT-188TTC	True	GGT-(-237)-TTC,GGT-(-188)-TTC	nucleotide_mutation:multiple_nt|nucleotide_mutation:multiple_nt			G-237/G-236|G-188>G-187>G-189	
SPAC644.14c	T-239C,T-190C	rad51	rad51-AG2CG		nucleotide_mutation	PMID:11073995	T-239C|T-190C	True	T(-239)C,T(-190)C	nucleotide_mutation:single_nt|nucleotide_mutation:single_nt			|T-190	
SPAC664.01c	R25A	swi6	swi6-R25A		amino_acid_mutation	PMID:26438724	R25A	True		amino_acid_mutation:single_aa			R25	
SPAC688.11	G73D	end4	end4-507		amino_acid_mutation	PMID:19366728	G73D	True		amino_acid_mutation:single_aa			G73	
SPAP8A3.06	C301A	uaf2	ods2-1		nucleotide_mutation	PMID:17130122	C301A	True		nucleotide_mutation:single_nt			C301	
SPAPB1E7.02c	C1477T,C2287T,G2303A	mcl1	mcl1-101	slr3-1	nucleotide_mutation	PMID:15915339,PMID:18493607	C1477T|C2287T|G2303A	True		nucleotide_mutation:single_nt|nucleotide_mutation:single_nt|nucleotide_mutation:single_nt			C1477|C2287|	
SPAPB1E7.02c	G1865A	mcl1	cos1-38		nucleotide_mutation	PMID:18493607	G1865A	True		nucleotide_mutation:single_nt			G1865	
SPAPB1E7.02c	G724A	mcl1	cos1-7		nucleotide_mutation	PMID:18493607	G724A	True		nucleotide_mutation:single_nt			G724	
SPAPB1E7.02c	T698A	mcl1	cos1-17		nucleotide_mutation	PMID:18493607	T698A	True		nucleotide_mutation:single_nt			T698	
SPAPB8E5.05	C-161A	mfm1	mfm1-promoter(TR-mut1)		nucleotide_mutation	PMID:9233811	C-161A	True	C(-161)A	nucleotide_mutation:single_nt			C-161>C-160	
SPAPB8E5.05	C-165A,C-164A,G-154A	mfm1	mfm1-promoter(TR-mut3)		nucleotide_mutation	PMID:9233811	C-165A|C-164A|G-154A	True	C(-165)A,C(-164)A,G(-154)A	nucleotide_mutation:single_nt|nucleotide_mutation:single_nt|nucleotide_mutation:single_nt			C-165>C-164||G-154>G-153	
SPAPB8E5.05	C-177A	mfm1	mfm1-promoter(M-box-mut1)		nucleotide_mutation	PMID:9233811	C-177A	True	C(-177)A	nucleotide_mutation:single_nt			C-177>C-176	
SPAPB8E5.05	G-154A	mfm1	mfm1-promoter(TR-mut2)		nucleotide_mutation	PMID:9233811	G-154A	True	G(-154)A	nucleotide_mutation:single_nt			G-154>G-153	
SPAPB8E5.05	G-173A	mfm1	mfm1-promoter(M-box-mut2)		nucleotide_mutation	PMID:9233811	G-173A	True	G(-173)A	nucleotide_mutation:single_nt			G-173>G-172	
SPBC1198.04c	326-897	zas1	zas1-1-274		partial_amino_acid_deletion	PMID:29735745	326-897	True		partial_amino_acid_deletion:multiple_aa			position 897 does not exist, peptide length is 846	
SPBC1198.04c	341-897	zas1	zas1-1-289		partial_amino_acid_deletion	PMID:29735745	341-897	True		partial_amino_acid_deletion:multiple_aa			position 897 does not exist, peptide length is 846	
SPBC1198.04c	412-897	zas1	zas1-1-360		partial_amino_acid_deletion	PMID:29735745	412-897	True		partial_amino_acid_deletion:multiple_aa			position 897 does not exist, peptide length is 846	
SPBC1198.04c	522-897	zas1	zas1-1-470		partial_amino_acid_deletion	PMID:29735745	522-897	True		partial_amino_acid_deletion:multiple_aa			position 897 does not exist, peptide length is 846	
SPBC1198.04c	642-897	zas1	zas1-1-590		partial_amino_acid_deletion	PMID:29735745	642-897	True		partial_amino_acid_deletion:multiple_aa			position 897 does not exist, peptide length is 846	
SPBC1198.04c	764-897	zas1	zas1-1-712		partial_amino_acid_deletion	PMID:29735745	764-897	True		partial_amino_acid_deletion:multiple_aa			position 897 does not exist, peptide length is 846	
SPBC1198.04c	885-897	zas1	zas1-deltaaj3		partial_amino_acid_deletion	PMID:29735745	885-897	True		partial_amino_acid_deletion:multiple_aa			position 885 does not exist, peptide length is 846/position 897 does not exist, peptide length is 846	
SPBC12D12.04c	C199S	pck2	pck2-C199S		amino_acid_mutation	PMID:10651902	C199S	True		amino_acid_mutation:single_aa			C199	
SPBC146.07	C157S,C163S,H167I	prp2	prp2-C157S,C163S,H167I		amino_acid_mutation	PMID:15548596	C157S|C163S|H167I	True		amino_acid_mutation:single_aa|amino_acid_mutation:single_aa|amino_acid_mutation:single_aa			C157|C163|H167	
SPBC15D4.02	C22T	gsf1	gsf1-AAD-1		amino_acid_mutation	PMID:9973368	C22T	True		amino_acid_mutation:single_aa			C22	
SPBC1604.20c	E336A	tea2	tea2		amino_acid_mutation	PMID:15177031	E336A	True		amino_acid_mutation:single_aa			E336	
SPBC1604.21c	C1892A	uba1	ptr3-1		nucleotide_mutation	PMID:9168469	C1892A	True		nucleotide_mutation:single_nt			C1892>C1893	
SPBC1683.10c	C-205A,C-204A,A-203C,A-202C,T-201G	pcl1	pcl1-CCAAT promoter mutant -205AACCG-201		nucleotide_mutation	PMID:16963626	C-205A|C-204A|A-203C|A-202C|T-201G	True	C(-205)A,C(-204)A,A(-203)C,A(-202)C,T(-201)G	nucleotide_mutation:single_nt|nucleotide_mutation:single_nt|nucleotide_mutation:single_nt|nucleotide_mutation:single_nt|nucleotide_mutation:single_nt			C-205>C-204||A-203>A-202||T-201>T-200	
SPBC1685.01	A1288U	pmp1	pmp1-M1		nucleotide_mutation	PMID:12931193	A1288U	True	A1288T	nucleotide_mutation:single_nt			A1288>A1289	
SPBC1685.01	A1288U,A1293U	pmp1	pmp1-M12		nucleotide_mutation	PMID:12931193	A1288U|A1293U	True	A1288T,A1293T	nucleotide_mutation:single_nt|nucleotide_mutation:single_nt			A1288>A1289|A1293>A1292	
SPBC1685.01	A1288U,A1293U,A1300U	pmp1	pmp1-M123		nucleotide_mutation	PMID:12931193	A1288U|A1293U|A1300U	True	A1288T,A1293T,A1300T	nucleotide_mutation:single_nt|nucleotide_mutation:single_nt|nucleotide_mutation:single_nt			A1288>A1289|A1293>A1292|A1300>A1301	
SPBC1685.01	A1288U,A1300U	pmp1	pmp1-M13		nucleotide_mutation	PMID:12931193	A1288U|A1300U	True	A1288T,A1300T	nucleotide_mutation:single_nt|nucleotide_mutation:single_nt			A1288>A1289|A1300>A1301	
SPBC1685.01	A1293U	pmp1	pmp1-M2		nucleotide_mutation	PMID:12931193	A1293U	True	A1293T	nucleotide_mutation:single_nt			A1293>A1292	
SPBC1685.01	A1293U,A1300U	pmp1	pmp1-M23		nucleotide_mutation	PMID:12931193	A1293U|A1300U	True	A1293T,A1300T	nucleotide_mutation:single_nt|nucleotide_mutation:single_nt			A1293>A1292|A1300>A1301	
SPBC1685.01	A1300U	pmp1	pmp1-M3		nucleotide_mutation	PMID:12931193	A1300U	True	A1300T	nucleotide_mutation:single_nt			A1300>A1301	
SPBC16D10.04c	C2867C	dna2	dna2-C1		nucleotide_mutation	PMID:10880469	C2867C	True		nucleotide_mutation:single_nt			C2867	
SPBC16D10.04c	T3236C	dna2	dna2-C2		nucleotide_mutation	PMID:10880469,PMID:15485922,PMID:15576681,PMID:18493607,PMID:32692737	T3236C	True		nucleotide_mutation:single_nt			T3236	
SPBC16D10.09	E232A	pcn1	pcn1-20		amino_acid_mutation	PMID:9563836	E232A	True		amino_acid_mutation:single_aa			E232	
SPBC16H5.06	I23G	rip1	rip1-I23G		amino_acid_mutation	PMID:9535840	I23G	True		amino_acid_mutation:single_aa			I23	
SPBC216.06c	F105A	swi1	swi1-F105A		amino_acid_mutation	PMID:20924116	F105A	True		amino_acid_mutation:single_aa			F105	
SPBC216.06c	H97A	swi1	swi1-H97A		amino_acid_mutation	PMID:20924116	H97A	True		amino_acid_mutation:single_aa			H97	
SPBC216.06c	W95A	swi1	swi1-W95A		amino_acid_mutation	PMID:20924116	W95A	True		amino_acid_mutation:single_aa			W95	
SPBC216.07c	A1399E,F2198L	tor2	tor2-ts10		amino_acid_mutation	PMID:17261596,PMID:20144990,PMID:22976295,PMID:26152587,PMID:27165118,PMID:29079657	A1399E|F2198L	True		amino_acid_mutation:single_aa|amino_acid_mutation:single_aa			A1399>A1398|	
SPBC216.07c	S550P,K711M	tor2	tor2-ts6		amino_acid_mutation	PMID:17261596,PMID:19620394,PMID:20144990,PMID:22976295,PMID:24741065,PMID:27165118,PMID:28671615,PMID:29330317,PMID:33574613	S550P|K711M	True		amino_acid_mutation:single_aa|amino_acid_mutation:single_aa			|K711>K710	
SPBC26H8.07c	U1347A,U1349C	nda3	nda3noD		nucleotide_mutation	PMID:34798057	U1347A|U1349C	True	T1347A,T1349C	nucleotide_mutation:single_nt|nucleotide_mutation:single_nt			T1347>T1348|T1349>T1348	
SPBC2F12.13	E569P	klp5	klp5-E569P		amino_acid_mutation	PMID:31427431	E569P	True		amino_acid_mutation:single_aa			E569	
SPBC32C12.02	-C190G	ste11	ste11-Mb3		nucleotide_mutation	PMID:10982411	C190G	True	C190G	nucleotide_mutation:single_nt			C190	
SPBC32C12.02	-C194T,-C193G,-C192A	ste11	ste11-Mb2		nucleotide_mutation	PMID:10982411	C194T|C193G|C192A	True	C194T,C193G,C192A	nucleotide_mutation:single_nt|nucleotide_mutation:single_nt|nucleotide_mutation:single_nt			|C193>C194|C192	
SPBC32C12.02	-C460T,-C459G,-C458A	ste11	ste11-CORE2		nucleotide_mutation	PMID:10982411	C460T|C459G|C458A	True	C460T,C459G,C458A	nucleotide_mutation:single_nt|nucleotide_mutation:single_nt|nucleotide_mutation:single_nt			|C459>C460|C458	
SPBC336.04	C2905T	cdc6	cdc6-R18	cst4-R18	nucleotide_mutation	PMID:15576681	C2905T	True		nucleotide_mutation:single_nt			C2905	
SPBC336.04	C428U,C430U	cdc6	cdc6-ts1	poldelta-ts1	nucleotide_mutation	PMID:12697806,PMID:7700230,PMID:8367300,PMID:9794798,PMID:9891047	C428U|C430U	True	C428T,C430T	nucleotide_mutation:single_nt|nucleotide_mutation:single_nt			C428|	
SPBC336.04	G3191A	cdc6	cdc6-ts3	poldelta-ts3	nucleotide_mutation	PMID:12697806,PMID:7700230,PMID:8367300,PMID:9135148,PMID:9154809,PMID:9348105,PMID:9794798,PMID:9891047	G3191A	True		nucleotide_mutation:single_nt			G3191	
SPBC336.04	G811A	cdc6	cdc6-ts2	poldelta-ts2	nucleotide_mutation	PMID:12697806,PMID:7700230,PMID:8367300,PMID:9891047	G811A	True		nucleotide_mutation:single_nt			G811>G812	
SPBC359.05	T-120C,G-119C,A-118T,T-117G,A-116T,T-115C	abc3	abc3-M2 GATA promoter mutant		nucleotide_mutation	PMID:19915076	T-120C|G-119C|A-118T|T-117G|A-116T|T-115C	True	T(-120)C,G(-119)C,A(-118)T,T(-117)G,A(-116)T,T(-115)C	nucleotide_mutation:single_nt|nucleotide_mutation:single_nt|nucleotide_mutation:single_nt|nucleotide_mutation:single_nt|nucleotide_mutation:single_nt|nucleotide_mutation:single_nt			T-120>T-119>T-121|G-119>G-118|A-118>A-117|T-117>T-116|A-116>A-115>A-117|T-115>T-114>T-116	
SPBC359.05	T-202G,T-201A,A-200C,T-199G,C-198G,A-197C	abc3	abc3-M1 GATA promoter mutant		nucleotide_mutation	PMID:19915076	T-202G|T-201A|A-200C|T-199G|C-198G|A-197C	True	T(-202)G,T(-201)A,A(-200)C,T(-199)G,C(-198)G,A(-197)C	nucleotide_mutation:single_nt|nucleotide_mutation:single_nt|nucleotide_mutation:single_nt|nucleotide_mutation:single_nt|nucleotide_mutation:single_nt|nucleotide_mutation:single_nt			||A-200>A-199|T-199>T-198>T-200|C-198>C-197|A-197>A-196	
SPBC359.05	T-202G,T-201A,A-200C,T-199G,C-198G,A-197C,T-120C,G-119C,A-118T,T-117G,A-116T,T-115C	abc3	abc3-M1,M2 GATA promoter mutant		nucleotide_mutation	PMID:19915076	T-202G|T-201A|A-200C|T-199G|C-198G|A-197C|T-120C|G-119C|A-118T|T-117G|A-116T|T-115C	True	T(-202)G,T(-201)A,A(-200)C,T(-199)G,C(-198)G,A(-197)C,T(-120)C,G(-119)C,A(-118)T,T(-117)G,A(-116)T,T(-115)C	nucleotide_mutation:single_nt|nucleotide_mutation:single_nt|nucleotide_mutation:single_nt|nucleotide_mutation:single_nt|nucleotide_mutation:single_nt|nucleotide_mutation:single_nt|nucleotide_mutation:single_nt|nucleotide_mutation:single_nt|nucleotide_mutation:single_nt|nucleotide_mutation:single_nt|nucleotide_mutation:single_nt|nucleotide_mutation:single_nt			||A-200>A-199|T-199>T-198>T-200|C-198>C-197|A-197>A-196|T-120>T-119>T-121|G-119>G-118|A-118>A-117|T-117>T-116|A-116>A-115>A-117|T-115>T-114>T-116	
SPBC3B9.21	C205T	dcp1	dcp1-P69S		nucleotide_mutation	PMID:15671491	C205T	True		nucleotide_mutation:single_nt			C205	
SPBC3B9.21	R19A,L22A,V26A,N23A,R147A,P150A	dcp1	dcp1-R19A,L22A,V26A,N23A,R147A,P150A		amino_acid_mutation	PMID:18280239	R19A|L22A|V26A|N23A|R147A|P150A	True		amino_acid_mutation:single_aa|amino_acid_mutation:single_aa|amino_acid_mutation:single_aa|amino_acid_mutation:single_aa|amino_acid_mutation:single_aa|amino_acid_mutation:single_aa			R19|L22|V26|N23|position 147 does not exist, peptide length is 128|position 150 does not exist, peptide length is 128	
SPBC3D6.03c	T-35A,A-34T,A-32T,G-31A	trz2	trz1-promoterTATA	TATApLT4	nucleotide_mutation	PMID:27902423	T-35A|A-34T|A-32T|G-31A	True	T(-35)A,A(-34)T,A(-32)T,G(-31)A	nucleotide_mutation:single_nt|nucleotide_mutation:single_nt|nucleotide_mutation:single_nt|nucleotide_mutation:single_nt			T-35||A-32>A-33|G-31	
SPBC428.16c	D111G,E168G,K120R	rhb1	rhb1-RD24-1		amino_acid_mutation	PMID:16262791	D111G|E168G|K120R	True		amino_acid_mutation:single_aa|amino_acid_mutation:single_aa|amino_acid_mutation:single_aa			D111||	
SPBC428.16c	P72S,I76V,I98K,N153S	rhb1	rhb1-RD72-1		amino_acid_mutation	PMID:16262791	P72S|I76V|I98K|N153S	True		amino_acid_mutation:single_aa|amino_acid_mutation:single_aa|amino_acid_mutation:single_aa|amino_acid_mutation:single_aa			P72|||	
SPBC6B1.09c	G308A	nbs1	nbs1-s10		nucleotide_mutation	PMID:18378696,PMID:19804755,PMID:19804756	G308A	True		nucleotide_mutation:single_nt			G308>G307	
SPBC6B1.09c	K552D	nbs1	nbs1-K522D		amino_acid_mutation	PMID:23080121	K552D	True		amino_acid_mutation:single_aa			K552	
SPBC800.05c	G1065A	atb2	alp2-996		nucleotide_mutation	PMID:9658169	G1065A	True		nucleotide_mutation:single_nt			G1065	
SPBC8E4.01c	T-33C,A-32G,T-31C,A-30G,T-29C,A-28G,T-27C,A-26G	pho84	pho84-TATA box mutant		nucleotide_mutation	PMID:29414789	T-33C|A-32G|T-31C|A-30G|T-29C|A-28G|T-27C|A-26G	True	T(-33)C,A(-32)G,T(-31)C,A(-30)G,T(-29)C,A(-28)G,T(-27)C,A(-26)G	nucleotide_mutation:single_nt|nucleotide_mutation:single_nt|nucleotide_mutation:single_nt|nucleotide_mutation:single_nt|nucleotide_mutation:single_nt|nucleotide_mutation:single_nt|nucleotide_mutation:single_nt|nucleotide_mutation:single_nt			|A-32|T-31>T-30>T-32|A-30|T-29>T-28>T-30|A-28|T-27>T-28|	
SPCC162.04c	343-349	wtf13	wtf13-aa343-349delta		partial_nucleotide_deletion	PMID:30475921	343-349	True		partial_nucleotide_deletion:usual			cannot read sequence, alternative splicing?/cannot read sequence, alternative splicing?	
SPCC162.04c	A358T,T359A,G360C	wtf13	wtf13-antidote		nucleotide_mutation	PMID:30475921	A358T|T359A|G360C	True		nucleotide_mutation:single_nt|nucleotide_mutation:single_nt|nucleotide_mutation:single_nt			cannot read sequence, alternative splicing?|cannot read sequence, alternative splicing?|cannot read sequence, alternative splicing?	
SPCC18B5.06	C1198A	dom34	dom34-R11	cst2-R11	nucleotide_mutation	PMID:15576681	C1198A	True		nucleotide_mutation:single_nt			C1198	
SPCC285.07c	D366N,366N	wtf18	wtf18-2D366NN		amino_acid_insertion_and_mutation	PMID:30475921	D366N|366N	True	D366N,366-N	amino_acid_mutation:single_aa|amino_acid_insertion:usual			D366|	
SPCC285.09c	-G67T,-C68A	cgs2	cgs2-CRE promoter binding site mutant		nucleotide_mutation	PMID:15448137	G67T|C68A	True	G67T,C68A	nucleotide_mutation:single_nt|nucleotide_mutation:single_nt			G67|C68	
SPCC584.04	C876A	sup35	sup35-R13	cst3-R13	nucleotide_mutation	PMID:15576681	C876A	True		nucleotide_mutation:single_nt			C876	
SPCC5E4.04	T3487A,T3505A	cut1	ptr4-1		nucleotide_mutation	PMID:14511667,PMID:9168469	T3487A|T3505A	True		nucleotide_mutation:single_nt|nucleotide_mutation:single_nt			T3487|T3505>T3506	
SPCC777.05	Q61L	gtr2	gtr2-Q61L		amino_acid_insertion_and_mutation	PMID:22344254	Q61L	True		amino_acid_mutation:single_aa			Q61>Q60	amino_acid_mutation
SPCC777.09c	E136K,S187N	arg1	arg1-1		amino_acid_mutation	PMID:17622533	E136K|S187N	True		amino_acid_mutation:single_aa|amino_acid_mutation:single_aa			E136|	
SPCC794.12c	C-243G,A-242G,T-240C,C-239A,A-238C,T-237C	mae2	mae2-URS1		nucleotide_mutation	PMID:10187772	C-243G|A-242G|T-240C|C-239A|A-238C|T-237C	True	C(-243)G,A(-242)G,T(-240)C,C(-239)A,A(-238)C,T(-237)C	nucleotide_mutation:single_nt|nucleotide_mutation:single_nt|nucleotide_mutation:single_nt|nucleotide_mutation:single_nt|nucleotide_mutation:single_nt|nucleotide_mutation:single_nt			C-243>C-242|A-242>A-241||C-239>C-238|A-238>A-237|T-237>T-236	
SPCC794.12c	G-185A,G-184C,C-182T,T-181A,A-180C,A-179G	mae2	mae2-URS3		nucleotide_mutation	PMID:10187772	G-185A|G-184C|C-182T|T-181A|A-180C|A-179G	True	G(-185)A,G(-184)C,C(-182)T,T(-181)A,A(-180)C,A(-179)G	nucleotide_mutation:single_nt|nucleotide_mutation:single_nt|nucleotide_mutation:single_nt|nucleotide_mutation:single_nt|nucleotide_mutation:single_nt|nucleotide_mutation:single_nt			G-185>G-184||C-182>C-181|T-181>T-180|A-180>A-179|	
SPCC794.12c	T-359G,C-358T,C-357T,C-356A,T-354C	mae2	mae2-UAS1		nucleotide_mutation	PMID:10187772	T-359G|C-358T|C-357T|C-356A|T-354C	True	T(-359)G,C(-358)T,C(-357)T,C(-356)A,T(-354)C	nucleotide_mutation:single_nt|nucleotide_mutation:single_nt|nucleotide_mutation:single_nt|nucleotide_mutation:single_nt|nucleotide_mutation:single_nt			T-359>T-358>T-360|C-358>C-357|||T-354>T-353	
SPCC794.12c	T-88G,A-86C,T-85A,T-84C,T-83C	mae2	mae2-promoter(TATA)		nucleotide_mutation	PMID:10187772	T-88G|A-86C|T-85A|T-84C|T-83C	True	T(-88)G,A(-86)C,T(-85)A,T(-84)C,T(-83)C	nucleotide_mutation:single_nt|nucleotide_mutation:single_nt|nucleotide_mutation:single_nt|nucleotide_mutation:single_nt|nucleotide_mutation:single_nt			T-88>T-87|A-86>A-85|T-85>T-84>T-86||	
SPNCRNA.1698	G521T,T543A,A554T,C569G,C578G	nc-tgp1	nc-tgp-+5_seb1_bs	+5 seb1 binding sites	nucleotide_mutation	PMID:32499400	G521T|T543A|A554T|C569G|C578G	True		nucleotide_mutation:single_nt|nucleotide_mutation:single_nt|nucleotide_mutation:single_nt|nucleotide_mutation:single_nt|nucleotide_mutation:single_nt			G521>G520|||C569>C570|C578>C579	
SPNCRNA.214	UUUU1071AAAA	ter1	ter1-STEloop		nucleotide_mutation	PMID:26305931	UUUU1071AAAA	True	TTTT-1071-AAAA	nucleotide_mutation:multiple_nt			T1073>T1074>T1072	
SPNCRNA.82	A370G	mrp1	mrp1-B7		nucleotide_mutation	PMID:8887563	A370G	True		nucleotide_mutation:single_nt			A370>A371	
SPNCRNA.82	U339A,A340C,U343G	mrp1	mrp1-LoopB		nucleotide_mutation	PMID:8948095	U339A|A340C|U343G	True	T339A,A340C,T343G	nucleotide_mutation:single_nt|nucleotide_mutation:single_nt|nucleotide_mutation:single_nt			T339>T340|A340>A341>A339|	
SPNCRNA.82	U359A	mrp1	mrp1-U359A		nucleotide_mutation	PMID:8948095	U359A	True	T359A	nucleotide_mutation:single_nt			T359>T360	
SPNCRNA.82	U359A,C356A	mrp1	mrp1-Pt1-9		nucleotide_mutation	PMID:8948095	U359A|C356A	True	T359A,C356A	nucleotide_mutation:single_nt|nucleotide_mutation:single_nt			T359>T360|C356>C357	
SPNCRNA.9001	A-61G,G-59A,T-58C,C-57T,A-56C,C-55A	prt2	prt2-HomoID-like sequence mutant		nucleotide_mutation	PMID:29414789	A-61G|G-59A|T-58C|C-57T|A-56C|C-55A	True	A(-61)G,G(-59)A,T(-58)C,C(-57)T,A(-56)C,C(-55)A	nucleotide_mutation:single_nt|nucleotide_mutation:single_nt|nucleotide_mutation:single_nt|nucleotide_mutation:single_nt|nucleotide_mutation:single_nt|nucleotide_mutation:single_nt			A-61>A-60|G-59>G-58|T-58>T-57|C-57>C-56|A-56>A-55|C-55>C-54>C-56	
SPNCRNA.9001	T-38G,A-37C,T-36G,A-35C,T-34G,A-33C	prt2	prt2-TATA box mutant		nucleotide_mutation	PMID:29414789	T-38G|A-37C|T-36G|A-35C|T-34G|A-33C	True	T(-38)G,A(-37)C,T(-36)G,A(-35)C,T(-34)G,A(-33)C	nucleotide_mutation:single_nt|nucleotide_mutation:single_nt|nucleotide_mutation:single_nt|nucleotide_mutation:single_nt|nucleotide_mutation:single_nt|nucleotide_mutation:single_nt			T-38>T-37|A-37>A-36|T-36>T-35>T-37|A-35>A-34>A-36|T-34>T-33>T-35|A-33>A-32>A-34	
SPNCRNA.98	A163C,G164A	srp7	srp7-A163C,C164A	srp7-C-163,A-164	nucleotide_mutation	PMID:2657742	A163C|G164A	True		nucleotide_mutation:single_nt|nucleotide_mutation:single_nt			|G164	
SPSNRNA.02	ATTGGATGG228GACTAGTCC	snu2	snu2-M6		nucleotide_mutation	PMID:10445882	ATTGGATGG228GACTAGTCC	True	ATTGGATGG-228-GACTAGTCC	nucleotide_mutation:multiple_nt			T229/T230>T231/G231/G232>G233/A233/T234/G235>G234/G236>G237	
SPSNRNA.02	ATTTGTGA203GACTAGTC	snu2	snu2-M3		nucleotide_mutation	PMID:10445882	ATTTGTGA203GACTAGTC	True	ATTTGTGA-203-GACTAGTC	nucleotide_mutation:multiple_nt			T204/T205>T206/G207/A210	
SPSNRNA.02	CGCATGAAT211ATACTAGTC	snu2	snu2-M4		nucleotide_mutation	PMID:10445882	CGCATGAAT211ATACTAGTC	True	CGCATGAAT-211-ATACTAGTC	nucleotide_mutation:multiple_nt			C211/G212>G211/A214/T215/G216/A217>A216/A218>A219/T219	
SPSNRNA.02	CTTCTTCT187TACTAGTG	snu2	snu2-M1		nucleotide_mutation	PMID:10445882	CTTCTTCT187TACTAGTG	True	CTTCTTCT-187-TACTAGTG	nucleotide_mutation:multiple_nt			C187/T189>T190>T188/C190>C189/T192>T193>T191/C193>C192	
SPSNRNA.02	GTTGACAG195TACTAGTA	snu2	snu2-M2		nucleotide_mutation	PMID:10445882	GTTGACAG195TACTAGTA	True	GTTGACAG-195-TACTAGTA	nucleotide_mutation:multiple_nt			G195/T197>T198>T196/G198>G197/A199/C200/G202	
SPSNRNA.02	TTGACAAC220GGACTAGT	snu2	snu2-M5		nucleotide_mutation	PMID:10445882	TTGACAAC220GGACTAGT	True	TTGACAAC-220-GGACTAGT	nucleotide_mutation:multiple_nt			T220>T221/G222/A223/C224/A226>A227>A225/C227>C226	
SPSNRNA.02	TTTAGGAT237CGACTAGT	snu2	snu2-M7		nucleotide_mutation	PMID:10445882	TTTAGGAT237CGACTAGT	True	TTTAGGAT-237-CGACTAGT	nucleotide_mutation:multiple_nt			T237>T236/T238>T239/A240/G241/G242>G243/A243>A242/T244	
SPSNRNA.03	AA301UU	snu3	snu3+46		nucleotide_mutation	PMID:20609363	AA301UU	True	AA-301-TT	nucleotide_mutation:multiple_nt			A301>A300/A302	
SPSNRNA.03	AA311UU	snu3	snu3+56		nucleotide_mutation	PMID:20609363	AA311UU	True	AA-311-TT	nucleotide_mutation:multiple_nt			A312>A311	
SPSNRNA.03	GUG296ACA	snu3	snu3+41		nucleotide_mutation	PMID:20609363	GUG296ACA	True	GTG-296-ACA	nucleotide_mutation:multiple_nt			G296	
SPSNRNA.03	UGU305ACA	snu3	snu3+50		nucleotide_mutation	PMID:20609363	UGU305ACA	True	TGT-305-ACA	nucleotide_mutation:multiple_nt			T305>T306>T304/G306	
SPSNRNA.04	AAAACT87CCCGGG	snu4	snu4-6	snu4.6	nucleotide_mutation	PMID:1441744	AAAACT87CCCGGG	True	AAAACT-87-CCCGGG	nucleotide_mutation:multiple_nt			A87/A88/A89>A90/C91>C92/T92>T93	
SPSNRNA.04	CGTAGT59GCATCG	snu4	snu4-7	snu4.7	nucleotide_mutation	PMID:1441744	CGTAGT59GCATCG	True	CGTAGT-59-GCATCG	nucleotide_mutation:multiple_nt			C59>C60/G60>G59	
SPSNRNA.04	TTTTG104ACGTC	snu4	snu4-4	snu4.4	nucleotide_mutation	PMID:1441744	TTTTG104ACGTC	True	TTTTG-104-ACGTC	nucleotide_mutation:multiple_nt			T104>T105/G108>G109	
